知りたい分類,定義,出す場所,品目,出し方詳細,備考
燃やせる,,ゴミステーション（市が回収）,生ごみ（野菜くず、生花、茶がら、貝がらなど）,"1:生ごみは水気をよく切る
2:指定袋（赤色）に入れて口をしっかりとしばる

3:朝８時までに決められた
ごみステーションへ


袋に入る大きさにする
※大きいものは切ったり、こわしたりして指定袋に入れてしばってください",
燃やせる,,ゴミステーション（市が回収）,乾燥剤,"1:生ごみは水気をよく切る
2:指定袋（赤色）に入れて口をしっかりとしばる

3:朝９時までに決められた
ごみステーションへ


袋に入る大きさにする
※大きいものは切ったり、こわしたりして指定袋に入れてしばってください",
燃やせる,,ゴミステーション（市が回収）,保冷剤,"1:生ごみは水気をよく切る
2:指定袋（赤色）に入れて口をしっかりとしばる

3:朝１０時までに決められた
ごみステーションへ


袋に入る大きさにする
※大きいものは切ったり、こわしたりして指定袋に入れてしばってください",
燃やせる,,ゴミステーション（市が回収）,アルミはく,"1:生ごみは水気をよく切る
2:指定袋（赤色）に入れて口をしっかりとしばる

3:朝１１時までに決められた
ごみステーションへ


袋に入る大きさにする
※大きいものは切ったり、こわしたりして指定袋に入れてしばってください",
燃やせる,,ゴミステーション（市が回収）,アルミのうどん鍋,"1:生ごみは水気をよく切る
2:指定袋（赤色）に入れて口をしっかりとしばる

3:朝１２時までに決められた
ごみステーションへ


袋に入る大きさにする
※大きいものは切ったり、こわしたりして指定袋に入れてしばってください",
燃やせる,,ゴミステーション（市が回収）,食用油,"1:生ごみは水気をよく切る
2:指定袋（赤色）に入れて口をしっかりとしばる

3:朝１３時までに決められた
ごみステーションへ


袋に入る大きさにする
※大きいものは切ったり、こわしたりして指定袋に入れてしばってください",紙・布などにしみこませる
燃やせる,,ゴミステーション（市が回収）,古着,"1:生ごみは水気をよく切る
2:指定袋（赤色）に入れて口をしっかりとしばる

3:朝１４時までに決められた
ごみステーションへ


袋に入る大きさにする
※大きいものは切ったり、こわしたりして指定袋に入れてしばってください",
燃やせる,,ゴミステーション（市が回収）,くつ,"1:生ごみは水気をよく切る
2:指定袋（赤色）に入れて口をしっかりとしばる

3:朝１５時までに決められた
ごみステーションへ


袋に入る大きさにする
※大きいものは切ったり、こわしたりして指定袋に入れてしばってください",
燃やせる,,ゴミステーション（市が回収）,かばん,"1:生ごみは水気をよく切る
2:指定袋（赤色）に入れて口をしっかりとしばる

3:朝１６時までに決められた
ごみステーションへ


袋に入る大きさにする
※大きいものは切ったり、こわしたりして指定袋に入れてしばってください",
燃やせる,,ゴミステーション（市が回収）,革製品,"1:生ごみは水気をよく切る
2:指定袋（赤色）に入れて口をしっかりとしばる

3:朝１７時までに決められた
ごみステーションへ


袋に入る大きさにする
※大きいものは切ったり、こわしたりして指定袋に入れてしばってください",
燃やせる,,ゴミステーション（市が回収）,紙くず,"1:生ごみは水気をよく切る
2:指定袋（赤色）に入れて口をしっかりとしばる

3:朝１８時までに決められた
ごみステーションへ


袋に入る大きさにする
※大きいものは切ったり、こわしたりして指定袋に入れてしばってください",
燃やせる,,ゴミステーション（市が回収）,紙パック,"1:生ごみは水気をよく切る
2:指定袋（赤色）に入れて口をしっかりとしばる

3:朝１９時までに決められた
ごみステーションへ


袋に入る大きさにする
※大きいものは切ったり、こわしたりして指定袋に入れてしばってください",
燃やせる,,ゴミステーション（市が回収）,紙コップ,"1:生ごみは水気をよく切る
2:指定袋（赤色）に入れて口をしっかりとしばる

3:朝２０時までに決められた
ごみステーションへ


袋に入る大きさにする
※大きいものは切ったり、こわしたりして指定袋に入れてしばってください",
燃やせる,,ゴミステーション（市が回収）,ぬいぐるみ,"1:生ごみは水気をよく切る
2:指定袋（赤色）に入れて口をしっかりとしばる

3:朝２１時までに決められた
ごみステーションへ


袋に入る大きさにする
※大きいものは切ったり、こわしたりして指定袋に入れてしばってください",
燃やせる,,ゴミステーション（市が回収）,ボール,"1:生ごみは水気をよく切る
2:指定袋（赤色）に入れて口をしっかりとしばる

3:朝２２時までに決められた
ごみステーションへ


袋に入る大きさにする
※大きいものは切ったり、こわしたりして指定袋に入れてしばってください",
燃やせる,,ゴミステーション（市が回収）,使い捨てカイロ,"1:生ごみは水気をよく切る
2:指定袋（赤色）に入れて口をしっかりとしばる

3:朝２３時までに決められた
ごみステーションへ


袋に入る大きさにする
※大きいものは切ったり、こわしたりして指定袋に入れてしばってください",
燃やせる,,ゴミステーション（市が回収）,玄関マット,"1:生ごみは水気をよく切る
2:指定袋（赤色）に入れて口をしっかりとしばる

3:朝２４時までに決められた
ごみステーションへ


袋に入る大きさにする
※大きいものは切ったり、こわしたりして指定袋に入れてしばってください",
燃やせる,,ゴミステーション（市が回収）,クッション,"1:生ごみは水気をよく切る
2:指定袋（赤色）に入れて口をしっかりとしばる

3:朝２５時までに決められた
ごみステーションへ


袋に入る大きさにする
※大きいものは切ったり、こわしたりして指定袋に入れてしばってください",
燃やせる,,ゴミステーション（市が回収）,カーテン,"1:生ごみは水気をよく切る
2:指定袋（赤色）に入れて口をしっかりとしばる

3:朝２６時までに決められた
ごみステーションへ


袋に入る大きさにする
※大きいものは切ったり、こわしたりして指定袋に入れてしばってください",
燃やせる,,ゴミステーション（市が回収）,薄手のふとん,"1:生ごみは水気をよく切る
2:指定袋（赤色）に入れて口をしっかりとしばる

3:朝２７時までに決められた
ごみステーションへ


袋に入る大きさにする
※大きいものは切ったり、こわしたりして指定袋に入れてしばってください",
燃やせる,,ゴミステーション（市が回収）,紙おむつ,"1:生ごみは水気をよく切る
2:指定袋（赤色）に入れて口をしっかりとしばる

3:朝２８時までに決められた
ごみステーションへ


袋に入る大きさにする
※大きいものは切ったり、こわしたりして指定袋に入れてしばってください",汚物はトイレへ
燃やせる,,ゴミステーション（市が回収）,犬・猫等のフン,"1:生ごみは水気をよく切る
2:指定袋（赤色）に入れて口をしっかりとしばる

3:朝２９時までに決められた
ごみステーションへ


袋に入る大きさにする
※大きいものは切ったり、こわしたりして指定袋に入れてしばってください",小袋（1kg以内）に少量ずつ入れる
燃やせる,,ゴミステーション（市が回収）,使用した花火,"1:生ごみは水気をよく切る
2:指定袋（赤色）に入れて口をしっかりとしばる

3:朝３０時までに決められた
ごみステーションへ


袋に入る大きさにする
※大きいものは切ったり、こわしたりして指定袋に入れてしばってください",十分に湿らせる、未使用の花火は環境クリーンセンターへ
燃やせる,,ゴミステーション（市が回収）,50cm以内に切った葉のついていない枝,"1:生ごみは水気をよく切る
2:指定袋（赤色）に入れて口をしっかりとしばる

3:朝３１時までに決められた
ごみステーションへ


袋に入る大きさにする
※大きいものは切ったり、こわしたりして指定袋に入れてしばってください",(ひもで束ねれば袋に入れなくてOK
燃やせない,"・ガラス
・陶磁器
・金属",ゴミステーション（市が回収）,陶磁器（茶碗、皿、鉢など）,"1：市の推奨袋または30L以下の透明・半透明の袋に入れる

２：2袋の口をしっかりとしばる
(テープなどでとめるのは×）

3朝８時までに決められたごみステーションへ","ここがポイント
袋に入る大きさにする
※大きいものは切ったり、こわしたりして
推奨袋に入れてください（家電はこわしても収集しません）※傘以外のものは、袋から出ている場合、
収集しません"
燃やせない,"・ガラス
・陶磁器
・金属",ゴミステーション（市が回収）,ガラス製品,"1：市の推奨袋または30L以下の透明・半透明の袋に入れる

２：2袋の口をしっかりとしばる
(テープなどでとめるのは×）

3朝９時までに決められたごみステーションへ",板ガラス、鏡など。布にくるむなど、安全な形にしてから出してください
燃やせない,"・ガラス
・陶磁器
・金属",ゴミステーション（市が回収）,大きい缶(500mlより大きい缶）,"1：市の推奨袋または30L以下の透明・半透明の袋に入れる

２：2袋の口をしっかりとしばる
(テープなどでとめるのは×）

3朝１０時までに決められたごみステーションへ",
燃やせない,"・ガラス
・陶磁器
・金属",ゴミステーション（市が回収）,ガラス食器,"1：市の推奨袋または30L以下の透明・半透明の袋に入れる

２：2袋の口をしっかりとしばる
(テープなどでとめるのは×）

3朝１１時までに決められたごみステーションへ",割れた食器は新聞等にくるんでください
燃やせない,"・ガラス
・陶磁器
・金属",ゴミステーション（市が回収）,アルミ・ステンレス製のなべ・やかん,"1：市の推奨袋または30L以下の透明・半透明の袋に入れる

２：2袋の口をしっかりとしばる
(テープなどでとめるのは×）

3朝１２時までに決められたごみステーションへ",ホーローや鉄等厚手のなべ（圧力なべ等）、フライパンは『破砕困難ごみ・危険ごみ』
燃やせない,"・ガラス
・陶磁器
・金属",ゴミステーション（市が回収）,傘,"1：市の推奨袋または30L以下の透明・半透明の袋に入れる

２：2袋の口をしっかりとしばる
(テープなどでとめるのは×）

3朝１３時までに決められたごみステーションへ",傘だけは袋からはみ出ていてもＯＫ
燃やせない,"・ガラス
・陶磁器
・金属",ゴミステーション（市が回収）,白熱球、ＬＥＤ,"1：市の推奨袋または30L以下の透明・半透明の袋に入れる

２：2袋の口をしっかりとしばる
(テープなどでとめるのは×）

3朝１４時までに決められたごみステーションへ",
燃やせない,"・ガラス
・陶磁器
・金属",ゴミステーション（市が回収）,スキー靴、スパイクシューズなど,"1：市の推奨袋または30L以下の透明・半透明の袋に入れる

２：2袋の口をしっかりとしばる
(テープなどでとめるのは×）

3朝１５時までに決められたごみステーションへ",
燃やせない,"・ガラス
・陶磁器
・金属",ゴミステーション（市が回収）,小型の家電(充電式でないもの),"1：市の推奨袋または30L以下の透明・半透明の袋に入れる

２：2袋の口をしっかりとしばる
(テープなどでとめるのは×）

3朝１５時までに決められたごみステーションへ",
資源(プラスチック),"・プラスチック製品
・プラスチック製容器包装
・1 0 0％プラスチックでできている１辺が50㎝以下のもの",ゴミステーション（市が回収）,ビーチサンダル,"1：汚れているものは洗って乾かす
2：指定袋（黄色）に入れて口をしっかりとしばる(テープなどでとめるのは×)
3：朝８時までに決められたごみステーションへ

※袋に入れてエコらんど・篠目リサイクルステーションへも持ち込めます。
※50cm を超えるものは、切ったりこわしたりして50cm 以下にして袋に
　入れるか、50cm以下にできないものは次のとおりとしてください。
　・軟らかいプラスチック製品→環境クリーンセンターへ持ち込む。
　・硬いプラスチック製品→エコらんどまたはリサイクルプラザへ持ち込む。
　持ちこむことが難しい場合は、 粗大ごみ戸別有料収集をご利用ください。",
資源(プラスチック),"・プラスチック製品
・プラスチック製容器包装
・1 0 0％プラスチックでできている１辺が51㎝以下のもの",ゴミステーション（市が回収）,お風呂のスリッパ,"1：汚れているものは洗って乾かす
2：指定袋（黄色）に入れて口をしっかりとしばる(テープなどでとめるのは×)
3：朝８時までに決められたごみステーションへ

※袋に入れてエコらんど・篠目リサイクルステーションへも持ち込めます。
※50cm を超えるものは、切ったりこわしたりして50cm 以下にして袋に
　入れるか、51cm以下にできないものは次のとおりとしてください。
　・軟らかいプラスチック製品→環境クリーンセンターへ持ち込む。
　・硬いプラスチック製品→エコらんどまたはリサイクルプラザへ持ち込む。
　持ちこむことが難しい場合は、 粗大ごみ戸別有料収集をご利用ください。",
資源(プラスチック),"・プラスチック製品
・プラスチック製容器包装
・1 0 0％プラスチックでできている１辺が52㎝以下のもの",ゴミステーション（市が回収）,ビニールプール,"1：汚れているものは洗って乾かす
2：指定袋（黄色）に入れて口をしっかりとしばる(テープなどでとめるのは×)
3：朝８時までに決められたごみステーションへ

※袋に入れてエコらんど・篠目リサイクルステーションへも持ち込めます。
※50cm を超えるものは、切ったりこわしたりして50cm 以下にして袋に
　入れるか、52cm以下にできないものは次のとおりとしてください。
　・軟らかいプラスチック製品→環境クリーンセンターへ持ち込む。
　・硬いプラスチック製品→エコらんどまたはリサイクルプラザへ持ち込む。
　持ちこむことが難しい場合は、 粗大ごみ戸別有料収集をご利用ください。",
資源(プラスチック),"・プラスチック製品
・プラスチック製容器包装
・1 0 0％プラスチックでできている１辺が53㎝以下のもの",ゴミステーション（市が回収）,クリーニングの外袋,"1：汚れているものは洗って乾かす
2：指定袋（黄色）に入れて口をしっかりとしばる(テープなどでとめるのは×)
3：朝８時までに決められたごみステーションへ

※袋に入れてエコらんど・篠目リサイクルステーションへも持ち込めます。
※50cm を超えるものは、切ったりこわしたりして50cm 以下にして袋に
　入れるか、53cm以下にできないものは次のとおりとしてください。
　・軟らかいプラスチック製品→環境クリーンセンターへ持ち込む。
　・硬いプラスチック製品→エコらんどまたはリサイクルプラザへ持ち込む。
　持ちこむことが難しい場合は、 粗大ごみ戸別有料収集をご利用ください。",
資源(プラスチック),"・プラスチック製品
・プラスチック製容器包装
・1 0 0％プラスチックでできている１辺が54㎝以下のもの",ゴミステーション（市が回収）,ビニール風呂敷,"1：汚れているものは洗って乾かす
2：指定袋（黄色）に入れて口をしっかりとしばる(テープなどでとめるのは×)
3：朝８時までに決められたごみステーションへ

※袋に入れてエコらんど・篠目リサイクルステーションへも持ち込めます。
※50cm を超えるものは、切ったりこわしたりして50cm 以下にして袋に
　入れるか、54cm以下にできないものは次のとおりとしてください。
　・軟らかいプラスチック製品→環境クリーンセンターへ持ち込む。
　・硬いプラスチック製品→エコらんどまたはリサイクルプラザへ持ち込む。
　持ちこむことが難しい場合は、 粗大ごみ戸別有料収集をご利用ください。",
資源(プラスチック),"・プラスチック製品
・プラスチック製容器包装
・1 0 0％プラスチックでできている１辺が55㎝以下のもの",ゴミステーション（市が回収）,PP バンド,"1：汚れているものは洗って乾かす
2：指定袋（黄色）に入れて口をしっかりとしばる(テープなどでとめるのは×)
3：朝８時までに決められたごみステーションへ

※袋に入れてエコらんど・篠目リサイクルステーションへも持ち込めます。
※50cm を超えるものは、切ったりこわしたりして50cm 以下にして袋に
　入れるか、55cm以下にできないものは次のとおりとしてください。
　・軟らかいプラスチック製品→環境クリーンセンターへ持ち込む。
　・硬いプラスチック製品→エコらんどまたはリサイクルプラザへ持ち込む。
　持ちこむことが難しい場合は、 粗大ごみ戸別有料収集をご利用ください。",
資源(プラスチック),"・プラスチック製品
・プラスチック製容器包装
・1 0 0％プラスチックでできている１辺が56㎝以下のもの",ゴミステーション（市が回収）,荷造りひも,"1：汚れているものは洗って乾かす
2：指定袋（黄色）に入れて口をしっかりとしばる(テープなどでとめるのは×)
3：朝８時までに決められたごみステーションへ

※袋に入れてエコらんど・篠目リサイクルステーションへも持ち込めます。
※50cm を超えるものは、切ったりこわしたりして50cm 以下にして袋に
　入れるか、56cm以下にできないものは次のとおりとしてください。
　・軟らかいプラスチック製品→環境クリーンセンターへ持ち込む。
　・硬いプラスチック製品→エコらんどまたはリサイクルプラザへ持ち込む。
　持ちこむことが難しい場合は、 粗大ごみ戸別有料収集をご利用ください。",
資源(プラスチック),"・プラスチック製品
・プラスチック製容器包装
・1 0 0％プラスチックでできている１辺が57㎝以下のもの",ゴミステーション（市が回収）,ラップ,"1：汚れているものは洗って乾かす
2：指定袋（黄色）に入れて口をしっかりとしばる(テープなどでとめるのは×)
3：朝８時までに決められたごみステーションへ

※袋に入れてエコらんど・篠目リサイクルステーションへも持ち込めます。
※50cm を超えるものは、切ったりこわしたりして50cm 以下にして袋に
　入れるか、57cm以下にできないものは次のとおりとしてください。
　・軟らかいプラスチック製品→環境クリーンセンターへ持ち込む。
　・硬いプラスチック製品→エコらんどまたはリサイクルプラザへ持ち込む。
　持ちこむことが難しい場合は、 粗大ごみ戸別有料収集をご利用ください。",
資源(プラスチック),"・プラスチック製品
・プラスチック製容器包装
・1 0 0％プラスチックでできている１辺が58㎝以下のもの",ゴミステーション（市が回収）,ビニールシート,"1：汚れているものは洗って乾かす
2：指定袋（黄色）に入れて口をしっかりとしばる(テープなどでとめるのは×)
3：朝８時までに決められたごみステーションへ

※袋に入れてエコらんど・篠目リサイクルステーションへも持ち込めます。
※50cm を超えるものは、切ったりこわしたりして50cm 以下にして袋に
　入れるか、58cm以下にできないものは次のとおりとしてください。
　・軟らかいプラスチック製品→環境クリーンセンターへ持ち込む。
　・硬いプラスチック製品→エコらんどまたはリサイクルプラザへ持ち込む。
　持ちこむことが難しい場合は、 粗大ごみ戸別有料収集をご利用ください。",
資源(プラスチック),"・プラスチック製品
・プラスチック製容器包装
・1 0 0％プラスチックでできている１辺が59㎝以下のもの",ゴミステーション（市が回収）,ストロー,"1：汚れているものは洗って乾かす
2：指定袋（黄色）に入れて口をしっかりとしばる(テープなどでとめるのは×)
3：朝８時までに決められたごみステーションへ

※袋に入れてエコらんど・篠目リサイクルステーションへも持ち込めます。
※50cm を超えるものは、切ったりこわしたりして50cm 以下にして袋に
　入れるか、59cm以下にできないものは次のとおりとしてください。
　・軟らかいプラスチック製品→環境クリーンセンターへ持ち込む。
　・硬いプラスチック製品→エコらんどまたはリサイクルプラザへ持ち込む。
　持ちこむことが難しい場合は、 粗大ごみ戸別有料収集をご利用ください。",
資源(プラスチック),"・プラスチック製品
・プラスチック製容器包装
・1 0 0％プラスチックでできている１辺が60㎝以下のもの",ゴミステーション（市が回収）,クリアファイル,"1：汚れているものは洗って乾かす
2：指定袋（黄色）に入れて口をしっかりとしばる(テープなどでとめるのは×)
3：朝８時までに決められたごみステーションへ

※袋に入れてエコらんど・篠目リサイクルステーションへも持ち込めます。
※50cm を超えるものは、切ったりこわしたりして50cm 以下にして袋に
　入れるか、60cm以下にできないものは次のとおりとしてください。
　・軟らかいプラスチック製品→環境クリーンセンターへ持ち込む。
　・硬いプラスチック製品→エコらんどまたはリサイクルプラザへ持ち込む。
　持ちこむことが難しい場合は、 粗大ごみ戸別有料収集をご利用ください。",
資源(プラスチック),"・プラスチック製品
・プラスチック製容器包装
・1 0 0％プラスチックでできている１辺が61㎝以下のもの",ゴミステーション（市が回収）,ジョイントマット,"1：汚れているものは洗って乾かす
2：指定袋（黄色）に入れて口をしっかりとしばる(テープなどでとめるのは×)
3：朝８時までに決められたごみステーションへ

※袋に入れてエコらんど・篠目リサイクルステーションへも持ち込めます。
※50cm を超えるものは、切ったりこわしたりして50cm 以下にして袋に
　入れるか、61cm以下にできないものは次のとおりとしてください。
　・軟らかいプラスチック製品→環境クリーンセンターへ持ち込む。
　・硬いプラスチック製品→エコらんどまたはリサイクルプラザへ持ち込む。
　持ちこむことが難しい場合は、 粗大ごみ戸別有料収集をご利用ください。",
資源(プラスチック),"・プラスチック製品
・プラスチック製容器包装
・1 0 0％プラスチックでできている１辺が62㎝以下のもの",ゴミステーション（市が回収）,ビニール袋,"1：汚れているものは洗って乾かす
2：指定袋（黄色）に入れて口をしっかりとしばる(テープなどでとめるのは×)
3：朝８時までに決められたごみステーションへ

※袋に入れてエコらんど・篠目リサイクルステーションへも持ち込めます。
※50cm を超えるものは、切ったりこわしたりして50cm 以下にして袋に
　入れるか、62cm以下にできないものは次のとおりとしてください。
　・軟らかいプラスチック製品→環境クリーンセンターへ持ち込む。
　・硬いプラスチック製品→エコらんどまたはリサイクルプラザへ持ち込む。
　持ちこむことが難しい場合は、 粗大ごみ戸別有料収集をご利用ください。",
資源(プラスチック),"・プラスチック製品
・プラスチック製容器包装
・1 0 0％プラスチックでできている１辺が63㎝以下のもの",ゴミステーション（市が回収）,バラン,"1：汚れているものは洗って乾かす
2：指定袋（黄色）に入れて口をしっかりとしばる(テープなどでとめるのは×)
3：朝８時までに決められたごみステーションへ

※袋に入れてエコらんど・篠目リサイクルステーションへも持ち込めます。
※50cm を超えるものは、切ったりこわしたりして50cm 以下にして袋に
　入れるか、63cm以下にできないものは次のとおりとしてください。
　・軟らかいプラスチック製品→環境クリーンセンターへ持ち込む。
　・硬いプラスチック製品→エコらんどまたはリサイクルプラザへ持ち込む。
　持ちこむことが難しい場合は、 粗大ごみ戸別有料収集をご利用ください。",
資源(プラスチック),"・プラスチック製品
・プラスチック製容器包装
・1 0 0％プラスチックでできている１辺が64㎝以下のもの",ゴミステーション（市が回収）,桶,"1：汚れているものは洗って乾かす
2：指定袋（黄色）に入れて口をしっかりとしばる(テープなどでとめるのは×)
3：朝８時までに決められたごみステーションへ

※袋に入れてエコらんど・篠目リサイクルステーションへも持ち込めます。
※50cm を超えるものは、切ったりこわしたりして50cm 以下にして袋に
　入れるか、64cm以下にできないものは次のとおりとしてください。
　・軟らかいプラスチック製品→環境クリーンセンターへ持ち込む。
　・硬いプラスチック製品→エコらんどまたはリサイクルプラザへ持ち込む。
　持ちこむことが難しい場合は、 粗大ごみ戸別有料収集をご利用ください。",
資源(プラスチック),"・プラスチック製品
・プラスチック製容器包装
・1 0 0％プラスチックでできている１辺が65㎝以下のもの",ゴミステーション（市が回収）,洗面器,"1：汚れているものは洗って乾かす
2：指定袋（黄色）に入れて口をしっかりとしばる(テープなどでとめるのは×)
3：朝８時までに決められたごみステーションへ

※袋に入れてエコらんど・篠目リサイクルステーションへも持ち込めます。
※50cm を超えるものは、切ったりこわしたりして50cm 以下にして袋に
　入れるか、65cm以下にできないものは次のとおりとしてください。
　・軟らかいプラスチック製品→環境クリーンセンターへ持ち込む。
　・硬いプラスチック製品→エコらんどまたはリサイクルプラザへ持ち込む。
　持ちこむことが難しい場合は、 粗大ごみ戸別有料収集をご利用ください。",
資源(プラスチック),"・プラスチック製品
・プラスチック製容器包装
・1 0 0％プラスチックでできている１辺が66㎝以下のもの",ゴミステーション（市が回収）,CD・DVD,"1：汚れているものは洗って乾かす
2：指定袋（黄色）に入れて口をしっかりとしばる(テープなどでとめるのは×)
3：朝８時までに決められたごみステーションへ

※袋に入れてエコらんど・篠目リサイクルステーションへも持ち込めます。
※50cm を超えるものは、切ったりこわしたりして50cm 以下にして袋に
　入れるか、66cm以下にできないものは次のとおりとしてください。
　・軟らかいプラスチック製品→環境クリーンセンターへ持ち込む。
　・硬いプラスチック製品→エコらんどまたはリサイクルプラザへ持ち込む。
　持ちこむことが難しい場合は、 粗大ごみ戸別有料収集をご利用ください。",
資源(プラスチック),"・プラスチック製品
・プラスチック製容器包装
・1 0 0％プラスチックでできている１辺が67㎝以下のもの",ゴミステーション（市が回収）,ブルーレイディスク,"1：汚れているものは洗って乾かす
2：指定袋（黄色）に入れて口をしっかりとしばる(テープなどでとめるのは×)
3：朝８時までに決められたごみステーションへ

※袋に入れてエコらんど・篠目リサイクルステーションへも持ち込めます。
※50cm を超えるものは、切ったりこわしたりして50cm 以下にして袋に
　入れるか、67cm以下にできないものは次のとおりとしてください。
　・軟らかいプラスチック製品→環境クリーンセンターへ持ち込む。
　・硬いプラスチック製品→エコらんどまたはリサイクルプラザへ持ち込む。
　持ちこむことが難しい場合は、 粗大ごみ戸別有料収集をご利用ください。",
資源(プラスチック),"・プラスチック製品
・プラスチック製容器包装
・1 0 0％プラスチックでできている１辺が68㎝以下のもの",ゴミステーション（市が回収）,歯ブラシ,"1：汚れているものは洗って乾かす
2：指定袋（黄色）に入れて口をしっかりとしばる(テープなどでとめるのは×)
3：朝８時までに決められたごみステーションへ

※袋に入れてエコらんど・篠目リサイクルステーションへも持ち込めます。
※50cm を超えるものは、切ったりこわしたりして50cm 以下にして袋に
　入れるか、68cm以下にできないものは次のとおりとしてください。
　・軟らかいプラスチック製品→環境クリーンセンターへ持ち込む。
　・硬いプラスチック製品→エコらんどまたはリサイクルプラザへ持ち込む。
　持ちこむことが難しい場合は、 粗大ごみ戸別有料収集をご利用ください。",
資源(プラスチック),"・プラスチック製品
・プラスチック製容器包装
・1 0 0％プラスチックでできている１辺が69㎝以下のもの",ゴミステーション（市が回収）,ハンガー,"1：汚れているものは洗って乾かす
2：指定袋（黄色）に入れて口をしっかりとしばる(テープなどでとめるのは×)
3：朝８時までに決められたごみステーションへ

※袋に入れてエコらんど・篠目リサイクルステーションへも持ち込めます。
※50cm を超えるものは、切ったりこわしたりして50cm 以下にして袋に
　入れるか、69cm以下にできないものは次のとおりとしてください。
　・軟らかいプラスチック製品→環境クリーンセンターへ持ち込む。
　・硬いプラスチック製品→エコらんどまたはリサイクルプラザへ持ち込む。
　持ちこむことが難しい場合は、 粗大ごみ戸別有料収集をご利用ください。",
資源(プラスチック),"・プラスチック製品
・プラスチック製容器包装
・1 0 0％プラスチックでできている１辺が70㎝以下のもの",ゴミステーション（市が回収）,まな板,"1：汚れているものは洗って乾かす
2：指定袋（黄色）に入れて口をしっかりとしばる(テープなどでとめるのは×)
3：朝８時までに決められたごみステーションへ

※袋に入れてエコらんど・篠目リサイクルステーションへも持ち込めます。
※50cm を超えるものは、切ったりこわしたりして50cm 以下にして袋に
　入れるか、70cm以下にできないものは次のとおりとしてください。
　・軟らかいプラスチック製品→環境クリーンセンターへ持ち込む。
　・硬いプラスチック製品→エコらんどまたはリサイクルプラザへ持ち込む。
　持ちこむことが難しい場合は、 粗大ごみ戸別有料収集をご利用ください。",
資源(プラスチック),"・プラスチック製品
・プラスチック製容器包装
・1 0 0％プラスチックでできている１辺が71㎝以下のもの",ゴミステーション（市が回収）,食器,"1：汚れているものは洗って乾かす
2：指定袋（黄色）に入れて口をしっかりとしばる(テープなどでとめるのは×)
3：朝８時までに決められたごみステーションへ

※袋に入れてエコらんど・篠目リサイクルステーションへも持ち込めます。
※50cm を超えるものは、切ったりこわしたりして50cm 以下にして袋に
　入れるか、71cm以下にできないものは次のとおりとしてください。
　・軟らかいプラスチック製品→環境クリーンセンターへ持ち込む。
　・硬いプラスチック製品→エコらんどまたはリサイクルプラザへ持ち込む。
　持ちこむことが難しい場合は、 粗大ごみ戸別有料収集をご利用ください。",
資源(プラスチック),"・プラスチック製品
・プラスチック製容器包装
・1 0 0％プラスチックでできている１辺が72㎝以下のもの",ゴミステーション（市が回収）,食品の袋（野菜、菓子、パン、めん類、冷凍食品などの袋）,"1：汚れているものは洗って乾かす
2：指定袋（黄色）に入れて口をしっかりとしばる(テープなどでとめるのは×)
3：朝８時までに決められたごみステーションへ

※袋に入れてエコらんど・篠目リサイクルステーションへも持ち込めます。
※50cm を超えるものは、切ったりこわしたりして50cm 以下にして袋に
　入れるか、72cm以下にできないものは次のとおりとしてください。
　・軟らかいプラスチック製品→環境クリーンセンターへ持ち込む。
　・硬いプラスチック製品→エコらんどまたはリサイクルプラザへ持ち込む。
　持ちこむことが難しい場合は、 粗大ごみ戸別有料収集をご利用ください。",
資源(プラスチック),"・プラスチック製品
・プラスチック製容器包装
・1 0 0％プラスチックでできている１辺が73㎝以下のもの",ゴミステーション（市が回収）,生鮮食品などに使われたラップ,"1：汚れているものは洗って乾かす
2：指定袋（黄色）に入れて口をしっかりとしばる(テープなどでとめるのは×)
3：朝８時までに決められたごみステーションへ

※袋に入れてエコらんど・篠目リサイクルステーションへも持ち込めます。
※50cm を超えるものは、切ったりこわしたりして50cm 以下にして袋に
　入れるか、73cm以下にできないものは次のとおりとしてください。
　・軟らかいプラスチック製品→環境クリーンセンターへ持ち込む。
　・硬いプラスチック製品→エコらんどまたはリサイクルプラザへ持ち込む。
　持ちこむことが難しい場合は、 粗大ごみ戸別有料収集をご利用ください。",
資源(プラスチック),"・プラスチック製品
・プラスチック製容器包装
・1 0 0％プラスチックでできている１辺が74㎝以下のもの",ゴミステーション（市が回収）,日用品の袋（衣料品、トイレットペーパー、薬品、化粧品などの袋） ,"1：汚れているものは洗って乾かす
2：指定袋（黄色）に入れて口をしっかりとしばる(テープなどでとめるのは×)
3：朝８時までに決められたごみステーションへ

※袋に入れてエコらんど・篠目リサイクルステーションへも持ち込めます。
※50cm を超えるものは、切ったりこわしたりして50cm 以下にして袋に
　入れるか、74cm以下にできないものは次のとおりとしてください。
　・軟らかいプラスチック製品→環境クリーンセンターへ持ち込む。
　・硬いプラスチック製品→エコらんどまたはリサイクルプラザへ持ち込む。
　持ちこむことが難しい場合は、 粗大ごみ戸別有料収集をご利用ください。",
資源(プラスチック),"・プラスチック製品
・プラスチック製容器包装
・1 0 0％プラスチックでできている１辺が75㎝以下のもの",ゴミステーション（市が回収）,ペットボトルのラベル,"1：汚れているものは洗って乾かす
2：指定袋（黄色）に入れて口をしっかりとしばる(テープなどでとめるのは×)
3：朝８時までに決められたごみステーションへ

※袋に入れてエコらんど・篠目リサイクルステーションへも持ち込めます。
※50cm を超えるものは、切ったりこわしたりして50cm 以下にして袋に
　入れるか、75cm以下にできないものは次のとおりとしてください。
　・軟らかいプラスチック製品→環境クリーンセンターへ持ち込む。
　・硬いプラスチック製品→エコらんどまたはリサイクルプラザへ持ち込む。
　持ちこむことが難しい場合は、 粗大ごみ戸別有料収集をご利用ください。",
資源(プラスチック),"・プラスチック製品
・プラスチック製容器包装
・1 0 0％プラスチックでできている１辺が76㎝以下のもの",ゴミステーション（市が回収）,"食品のボトル（たれ、ドレッシング、料理酒、マヨネーズ、食用油などの
プラスチックボトル）","1：汚れているものは洗って乾かす
2：指定袋（黄色）に入れて口をしっかりとしばる(テープなどでとめるのは×)
3：朝８時までに決められたごみステーションへ

※袋に入れてエコらんど・篠目リサイクルステーションへも持ち込めます。
※50cm を超えるものは、切ったりこわしたりして50cm 以下にして袋に
　入れるか、76cm以下にできないものは次のとおりとしてください。
　・軟らかいプラスチック製品→環境クリーンセンターへ持ち込む。
　・硬いプラスチック製品→エコらんどまたはリサイクルプラザへ持ち込む。
　持ちこむことが難しい場合は、 粗大ごみ戸別有料収集をご利用ください。",商品名や価格を表示するラベルははがさなくてＯＫ
資源(プラスチック),"・プラスチック製品
・プラスチック製容器包装
・1 0 0％プラスチックでできている１辺が77㎝以下のもの",ゴミステーション（市が回収）,薬のボトル,"1：汚れているものは洗って乾かす
2：指定袋（黄色）に入れて口をしっかりとしばる(テープなどでとめるのは×)
3：朝８時までに決められたごみステーションへ

※袋に入れてエコらんど・篠目リサイクルステーションへも持ち込めます。
※50cm を超えるものは、切ったりこわしたりして50cm 以下にして袋に
　入れるか、77cm以下にできないものは次のとおりとしてください。
　・軟らかいプラスチック製品→環境クリーンセンターへ持ち込む。
　・硬いプラスチック製品→エコらんどまたはリサイクルプラザへ持ち込む。
　持ちこむことが難しい場合は、 粗大ごみ戸別有料収集をご利用ください。",
資源(プラスチック),"・プラスチック製品
・プラスチック製容器包装
・1 0 0％プラスチックでできている１辺が78㎝以下のもの",ゴミステーション（市が回収）,日用品のボトル（洗剤、漂白剤、シャンプー、リンス、化粧品などのプラスチックボトル）,"1：汚れているものは洗って乾かす
2：指定袋（黄色）に入れて口をしっかりとしばる(テープなどでとめるのは×)
3：朝８時までに決められたごみステーションへ

※袋に入れてエコらんど・篠目リサイクルステーションへも持ち込めます。
※50cm を超えるものは、切ったりこわしたりして50cm 以下にして袋に
　入れるか、78cm以下にできないものは次のとおりとしてください。
　・軟らかいプラスチック製品→環境クリーンセンターへ持ち込む。
　・硬いプラスチック製品→エコらんどまたはリサイクルプラザへ持ち込む。
　持ちこむことが難しい場合は、 粗大ごみ戸別有料収集をご利用ください。",
資源(プラスチック),"・プラスチック製品
・プラスチック製容器包装
・1 0 0％プラスチックでできている１辺が79㎝以下のもの",ゴミステーション（市が回収）,食品トレイ（生鮮食品、珍味、菓子などのプラスチックトレイ）,"1：汚れているものは洗って乾かす
2：指定袋（黄色）に入れて口をしっかりとしばる(テープなどでとめるのは×)
3：朝８時までに決められたごみステーションへ

※袋に入れてエコらんど・篠目リサイクルステーションへも持ち込めます。
※50cm を超えるものは、切ったりこわしたりして50cm 以下にして袋に
　入れるか、79cm以下にできないものは次のとおりとしてください。
　・軟らかいプラスチック製品→環境クリーンセンターへ持ち込む。
　・硬いプラスチック製品→エコらんどまたはリサイクルプラザへ持ち込む。
　持ちこむことが難しい場合は、 粗大ごみ戸別有料収集をご利用ください。",白色トレイはスーパーなどの店頭回収へ
資源(プラスチック),"・プラスチック製品
・プラスチック製容器包装
・1 0 0％プラスチックでできている１辺が80㎝以下のもの",ゴミステーション（市が回収）,食品パック（豆腐、卵、固形ルー、菓子などのパック),"1：汚れているものは洗って乾かす
2：指定袋（黄色）に入れて口をしっかりとしばる(テープなどでとめるのは×)
3：朝８時までに決められたごみステーションへ

※袋に入れてエコらんど・篠目リサイクルステーションへも持ち込めます。
※50cm を超えるものは、切ったりこわしたりして50cm 以下にして袋に
　入れるか、80cm以下にできないものは次のとおりとしてください。
　・軟らかいプラスチック製品→環境クリーンセンターへ持ち込む。
　・硬いプラスチック製品→エコらんどまたはリサイクルプラザへ持ち込む。
　持ちこむことが難しい場合は、 粗大ごみ戸別有料収集をご利用ください。",商品名や価格を表示するラベルははがさなくてＯＫ
資源(プラスチック),"・プラスチック製品
・プラスチック製容器包装
・1 0 0％プラスチックでできている１辺が81㎝以下のもの",ゴミステーション（市が回収）,カップ類（カップめん、プリン、ヨーグルト、アイスクリーム、コンビニ弁当などの容器）,"1：汚れているものは洗って乾かす
2：指定袋（黄色）に入れて口をしっかりとしばる(テープなどでとめるのは×)
3：朝８時までに決められたごみステーションへ

※袋に入れてエコらんど・篠目リサイクルステーションへも持ち込めます。
※50cm を超えるものは、切ったりこわしたりして50cm 以下にして袋に
　入れるか、81cm以下にできないものは次のとおりとしてください。
　・軟らかいプラスチック製品→環境クリーンセンターへ持ち込む。
　・硬いプラスチック製品→エコらんどまたはリサイクルプラザへ持ち込む。
　持ちこむことが難しい場合は、 粗大ごみ戸別有料収集をご利用ください。",商品名や価格を表示するラベルははがさなくてＯＫ
資源(プラスチック),"・プラスチック製品
・プラスチック製容器包装
・1 0 0％プラスチックでできている１辺が82㎝以下のもの",ゴミステーション（市が回収）,"日用品の容器（薬、化粧品、石鹸などの日用品の
容器で、プラスチック製のもの）","1：汚れているものは洗って乾かす
2：指定袋（黄色）に入れて口をしっかりとしばる(テープなどでとめるのは×)
3：朝８時までに決められたごみステーションへ

※袋に入れてエコらんど・篠目リサイクルステーションへも持ち込めます。
※50cm を超えるものは、切ったりこわしたりして50cm 以下にして袋に
　入れるか、82cm以下にできないものは次のとおりとしてください。
　・軟らかいプラスチック製品→環境クリーンセンターへ持ち込む。
　・硬いプラスチック製品→エコらんどまたはリサイクルプラザへ持ち込む。
　持ちこむことが難しい場合は、 粗大ごみ戸別有料収集をご利用ください。",商品名や価格を表示するラベルははがさなくてＯＫ
資源(プラスチック),"・プラスチック製品
・プラスチック製容器包装
・1 0 0％プラスチックでできている１辺が83㎝以下のもの",ゴミステーション（市が回収）,ネット（みかん、タマネギなどのネット）,"1：汚れているものは洗って乾かす
2：指定袋（黄色）に入れて口をしっかりとしばる(テープなどでとめるのは×)
3：朝８時までに決められたごみステーションへ

※袋に入れてエコらんど・篠目リサイクルステーションへも持ち込めます。
※50cm を超えるものは、切ったりこわしたりして50cm 以下にして袋に
　入れるか、83cm以下にできないものは次のとおりとしてください。
　・軟らかいプラスチック製品→環境クリーンセンターへ持ち込む。
　・硬いプラスチック製品→エコらんどまたはリサイクルプラザへ持ち込む。
　持ちこむことが難しい場合は、 粗大ごみ戸別有料収集をご利用ください。",
資源(プラスチック),"・プラスチック製品
・プラスチック製容器包装
・1 0 0％プラスチックでできている１辺が84㎝以下のもの",ゴミステーション（市が回収）,プラスチックのふた（びん、ペットボトルやその他のボトル、チューブなどのプラスチック製のふた、パンの袋の止め具）,"1：汚れているものは洗って乾かす
2：指定袋（黄色）に入れて口をしっかりとしばる(テープなどでとめるのは×)
3：朝８時までに決められたごみステーションへ

※袋に入れてエコらんど・篠目リサイクルステーションへも持ち込めます。
※50cm を超えるものは、切ったりこわしたりして50cm 以下にして袋に
　入れるか、84cm以下にできないものは次のとおりとしてください。
　・軟らかいプラスチック製品→環境クリーンセンターへ持ち込む。
　・硬いプラスチック製品→エコらんどまたはリサイクルプラザへ持ち込む。
　持ちこむことが難しい場合は、 粗大ごみ戸別有料収集をご利用ください。",
資源(プラスチック),"・プラスチック製品
・プラスチック製容器包装
・1 0 0％プラスチックでできている１辺が85㎝以下のもの",ゴミステーション（市が回収）,発泡スチロール・緩衝材（りんごや桃などを包んだもの、家電などの保護材）,"1：汚れているものは洗って乾かす
2：指定袋（黄色）に入れて口をしっかりとしばる(テープなどでとめるのは×)
3：朝８時までに決められたごみステーションへ

※袋に入れてエコらんど・篠目リサイクルステーションへも持ち込めます。
※50cm を超えるものは、切ったりこわしたりして50cm 以下にして袋に
　入れるか、85cm以下にできないものは次のとおりとしてください。
　・軟らかいプラスチック製品→環境クリーンセンターへ持ち込む。
　・硬いプラスチック製品→エコらんどまたはリサイクルプラザへ持ち込む。
　持ちこむことが難しい場合は、 粗大ごみ戸別有料収集をご利用ください。",大きいものは小さ割って指定袋へ
資源(プラスチック),"・プラスチック製品
・プラスチック製容器包装
・1 0 0％プラスチックでできている１辺が86㎝以下のもの",ゴミステーション（市が回収）,風呂の手おけ,"1：汚れているものは洗って乾かす
2：指定袋（黄色）に入れて口をしっかりとしばる(テープなどでとめるのは×)
3：朝８時までに決められたごみステーションへ

※袋に入れてエコらんど・篠目リサイクルステーションへも持ち込めます。
※50cm を超えるものは、切ったりこわしたりして50cm 以下にして袋に
　入れるか、86cm以下にできないものは次のとおりとしてください。
　・軟らかいプラスチック製品→環境クリーンセンターへ持ち込む。
　・硬いプラスチック製品→エコらんどまたはリサイクルプラザへ持ち込む。
　持ちこむことが難しい場合は、 粗大ごみ戸別有料収集をご利用ください。",
資源(プラスチック),"・プラスチック製品
・プラスチック製容器包装
・1 0 0％プラスチックでできている１辺が87㎝以下のもの",ゴミステーション（市が回収）,風呂の椅子,"1：汚れているものは洗って乾かす
2：指定袋（黄色）に入れて口をしっかりとしばる(テープなどでとめるのは×)
3：朝８時までに決められたごみステーションへ

※袋に入れてエコらんど・篠目リサイクルステーションへも持ち込めます。
※50cm を超えるものは、切ったりこわしたりして50cm 以下にして袋に
　入れるか、87cm以下にできないものは次のとおりとしてください。
　・軟らかいプラスチック製品→環境クリーンセンターへ持ち込む。
　・硬いプラスチック製品→エコらんどまたはリサイクルプラザへ持ち込む。
　持ちこむことが難しい場合は、 粗大ごみ戸別有料収集をご利用ください。",
資源(プラスチック),"・プラスチック製品
・プラスチック製容器包装
・1 0 0％プラスチックでできている１辺が88㎝以下のもの",ゴミステーション（市が回収）,風呂マット,"1：汚れているものは洗って乾かす
2：指定袋（黄色）に入れて口をしっかりとしばる(テープなどでとめるのは×)
3：朝８時までに決められたごみステーションへ

※袋に入れてエコらんど・篠目リサイクルステーションへも持ち込めます。
※50cm を超えるものは、切ったりこわしたりして50cm 以下にして袋に
　入れるか、88cm以下にできないものは次のとおりとしてください。
　・軟らかいプラスチック製品→環境クリーンセンターへ持ち込む。
　・硬いプラスチック製品→エコらんどまたはリサイクルプラザへ持ち込む。
　持ちこむことが難しい場合は、 粗大ごみ戸別有料収集をご利用ください。",
資源(プラスチック),"・プラスチック製品
・プラスチック製容器包装
・1 0 0％プラスチックでできている１辺が89㎝以下のもの",ゴミステーション（市が回収）,歯ブラシ,"1：汚れているものは洗って乾かす
2：指定袋（黄色）に入れて口をしっかりとしばる(テープなどでとめるのは×)
3：朝８時までに決められたごみステーションへ

※袋に入れてエコらんど・篠目リサイクルステーションへも持ち込めます。
※50cm を超えるものは、切ったりこわしたりして50cm 以下にして袋に
　入れるか、89cm以下にできないものは次のとおりとしてください。
　・軟らかいプラスチック製品→環境クリーンセンターへ持ち込む。
　・硬いプラスチック製品→エコらんどまたはリサイクルプラザへ持ち込む。
　持ちこむことが難しい場合は、 粗大ごみ戸別有料収集をご利用ください。",
資源(プラスチック),"・プラスチック製品
・プラスチック製容器包装
・1 0 0％プラスチックでできている１辺が90㎝以下のもの",ゴミステーション（市が回収）,ヘアブラシ,"1：汚れているものは洗って乾かす
2：指定袋（黄色）に入れて口をしっかりとしばる(テープなどでとめるのは×)
3：朝８時までに決められたごみステーションへ

※袋に入れてエコらんど・篠目リサイクルステーションへも持ち込めます。
※50cm を超えるものは、切ったりこわしたりして50cm 以下にして袋に
　入れるか、90cm以下にできないものは次のとおりとしてください。
　・軟らかいプラスチック製品→環境クリーンセンターへ持ち込む。
　・硬いプラスチック製品→エコらんどまたはリサイクルプラザへ持ち込む。
　持ちこむことが難しい場合は、 粗大ごみ戸別有料収集をご利用ください。",
資源(プラスチック),"・プラスチック製品
・プラスチック製容器包装
・1 0 0％プラスチックでできている１辺が91㎝以下のもの",ゴミステーション（市が回収）,クリーニングの外袋,"1：汚れているものは洗って乾かす
2：指定袋（黄色）に入れて口をしっかりとしばる(テープなどでとめるのは×)
3：朝８時までに決められたごみステーションへ

※袋に入れてエコらんど・篠目リサイクルステーションへも持ち込めます。
※50cm を超えるものは、切ったりこわしたりして50cm 以下にして袋に
　入れるか、91cm以下にできないものは次のとおりとしてください。
　・軟らかいプラスチック製品→環境クリーンセンターへ持ち込む。
　・硬いプラスチック製品→エコらんどまたはリサイクルプラザへ持ち込む。
　持ちこむことが難しい場合は、 粗大ごみ戸別有料収集をご利用ください。",
資源(プラスチック),"・プラスチック製品
・プラスチック製容器包装
・1 0 0％プラスチックでできている１辺が92㎝以下のもの",ゴミステーション（市が回収）,スプーン,"1：汚れているものは洗って乾かす
2：指定袋（黄色）に入れて口をしっかりとしばる(テープなどでとめるのは×)
3：朝８時までに決められたごみステーションへ

※袋に入れてエコらんど・篠目リサイクルステーションへも持ち込めます。
※50cm を超えるものは、切ったりこわしたりして50cm 以下にして袋に
　入れるか、92cm以下にできないものは次のとおりとしてください。
　・軟らかいプラスチック製品→環境クリーンセンターへ持ち込む。
　・硬いプラスチック製品→エコらんどまたはリサイクルプラザへ持ち込む。
　持ちこむことが難しい場合は、 粗大ごみ戸別有料収集をご利用ください。",
資源(プラスチック),"・プラスチック製品
・プラスチック製容器包装
・1 0 0％プラスチックでできている１辺が93㎝以下のもの",ゴミステーション（市が回収）,フォーク,"1：汚れているものは洗って乾かす
2：指定袋（黄色）に入れて口をしっかりとしばる(テープなどでとめるのは×)
3：朝８時までに決められたごみステーションへ

※袋に入れてエコらんど・篠目リサイクルステーションへも持ち込めます。
※50cm を超えるものは、切ったりこわしたりして50cm 以下にして袋に
　入れるか、93cm以下にできないものは次のとおりとしてください。
　・軟らかいプラスチック製品→環境クリーンセンターへ持ち込む。
　・硬いプラスチック製品→エコらんどまたはリサイクルプラザへ持ち込む。
　持ちこむことが難しい場合は、 粗大ごみ戸別有料収集をご利用ください。",
資源(プラスチック),"・プラスチック製品
・プラスチック製容器包装
・1 0 0％プラスチックでできている１辺が94㎝以下のもの",ゴミステーション（市が回収）,皿,"1：汚れているものは洗って乾かす
2：指定袋（黄色）に入れて口をしっかりとしばる(テープなどでとめるのは×)
3：朝８時までに決められたごみステーションへ

※袋に入れてエコらんど・篠目リサイクルステーションへも持ち込めます。
※50cm を超えるものは、切ったりこわしたりして50cm 以下にして袋に
　入れるか、94cm以下にできないものは次のとおりとしてください。
　・軟らかいプラスチック製品→環境クリーンセンターへ持ち込む。
　・硬いプラスチック製品→エコらんどまたはリサイクルプラザへ持ち込む。
　持ちこむことが難しい場合は、 粗大ごみ戸別有料収集をご利用ください。",
資源(プラスチック),"・プラスチック製品
・プラスチック製容器包装
・1 0 0％プラスチックでできている１辺が95㎝以下のもの",ゴミステーション（市が回収）,まな板,"1：汚れているものは洗って乾かす
2：指定袋（黄色）に入れて口をしっかりとしばる(テープなどでとめるのは×)
3：朝８時までに決められたごみステーションへ

※袋に入れてエコらんど・篠目リサイクルステーションへも持ち込めます。
※50cm を超えるものは、切ったりこわしたりして50cm 以下にして袋に
　入れるか、95cm以下にできないものは次のとおりとしてください。
　・軟らかいプラスチック製品→環境クリーンセンターへ持ち込む。
　・硬いプラスチック製品→エコらんどまたはリサイクルプラザへ持ち込む。
　持ちこむことが難しい場合は、 粗大ごみ戸別有料収集をご利用ください。",
資源(プラスチック),"・プラスチック製品
・プラスチック製容器包装
・1 0 0％プラスチックでできている１辺が96㎝以下のもの",ゴミステーション（市が回収）,保存袋,"1：汚れているものは洗って乾かす
2：指定袋（黄色）に入れて口をしっかりとしばる(テープなどでとめるのは×)
3：朝８時までに決められたごみステーションへ

※袋に入れてエコらんど・篠目リサイクルステーションへも持ち込めます。
※50cm を超えるものは、切ったりこわしたりして50cm 以下にして袋に
　入れるか、96cm以下にできないものは次のとおりとしてください。
　・軟らかいプラスチック製品→環境クリーンセンターへ持ち込む。
　・硬いプラスチック製品→エコらんどまたはリサイクルプラザへ持ち込む。
　持ちこむことが難しい場合は、 粗大ごみ戸別有料収集をご利用ください。",
資源(プラスチック),"・プラスチック製品
・プラスチック製容器包装
・1 0 0％プラスチックでできている１辺が97㎝以下のもの",ゴミステーション（市が回収）,保存容器,"1：汚れているものは洗って乾かす
2：指定袋（黄色）に入れて口をしっかりとしばる(テープなどでとめるのは×)
3：朝８時までに決められたごみステーションへ

※袋に入れてエコらんど・篠目リサイクルステーションへも持ち込めます。
※50cm を超えるものは、切ったりこわしたりして50cm 以下にして袋に
　入れるか、97cm以下にできないものは次のとおりとしてください。
　・軟らかいプラスチック製品→環境クリーンセンターへ持ち込む。
　・硬いプラスチック製品→エコらんどまたはリサイクルプラザへ持ち込む。
　持ちこむことが難しい場合は、 粗大ごみ戸別有料収集をご利用ください。",
資源(プラスチック),"・プラスチック製品
・プラスチック製容器包装
・1 0 0％プラスチックでできている１辺が98㎝以下のもの",ゴミステーション（市が回収）,プランター,"1：汚れているものは洗って乾かす
2：指定袋（黄色）に入れて口をしっかりとしばる(テープなどでとめるのは×)
3：朝８時までに決められたごみステーションへ

※袋に入れてエコらんど・篠目リサイクルステーションへも持ち込めます。
※50cm を超えるものは、切ったりこわしたりして50cm 以下にして袋に
　入れるか、98cm以下にできないものは次のとおりとしてください。
　・軟らかいプラスチック製品→環境クリーンセンターへ持ち込む。
　・硬いプラスチック製品→エコらんどまたはリサイクルプラザへ持ち込む。
　持ちこむことが難しい場合は、 粗大ごみ戸別有料収集をご利用ください。",
資源(プラスチック),"・プラスチック製品
・プラスチック製容器包装
・1 0 0％プラスチックでできている１辺が99㎝以下のもの",ゴミステーション（市が回収）,定規,"1：汚れているものは洗って乾かす
2：指定袋（黄色）に入れて口をしっかりとしばる(テープなどでとめるのは×)
3：朝８時までに決められたごみステーションへ

※袋に入れてエコらんど・篠目リサイクルステーションへも持ち込めます。
※50cm を超えるものは、切ったりこわしたりして50cm 以下にして袋に
　入れるか、99cm以下にできないものは次のとおりとしてください。
　・軟らかいプラスチック製品→環境クリーンセンターへ持ち込む。
　・硬いプラスチック製品→エコらんどまたはリサイクルプラザへ持ち込む。
　持ちこむことが難しい場合は、 粗大ごみ戸別有料収集をご利用ください。",
資源(プラスチック),"・プラスチック製品
・プラスチック製容器包装
・1 0 0％プラスチックでできている１辺が100㎝以下のもの",ゴミステーション（市が回収）,クリアファイル,"1：汚れているものは洗って乾かす
2：指定袋（黄色）に入れて口をしっかりとしばる(テープなどでとめるのは×)
3：朝８時までに決められたごみステーションへ

※袋に入れてエコらんど・篠目リサイクルステーションへも持ち込めます。
※50cm を超えるものは、切ったりこわしたりして50cm 以下にして袋に
　入れるか、100cm以下にできないものは次のとおりとしてください。
　・軟らかいプラスチック製品→環境クリーンセンターへ持ち込む。
　・硬いプラスチック製品→エコらんどまたはリサイクルプラザへ持ち込む。
　持ちこむことが難しい場合は、 粗大ごみ戸別有料収集をご利用ください。",
資源(プラスチック),"・プラスチック製品
・プラスチック製容器包装
・1 0 0％プラスチックでできている１辺が101㎝以下のもの",ゴミステーション（市が回収）,ビニールシート,"1：汚れているものは洗って乾かす
2：指定袋（黄色）に入れて口をしっかりとしばる(テープなどでとめるのは×)
3：朝８時までに決められたごみステーションへ

※袋に入れてエコらんど・篠目リサイクルステーションへも持ち込めます。
※50cm を超えるものは、切ったりこわしたりして50cm 以下にして袋に
　入れるか、101cm以下にできないものは次のとおりとしてください。
　・軟らかいプラスチック製品→環境クリーンセンターへ持ち込む。
　・硬いプラスチック製品→エコらんどまたはリサイクルプラザへ持ち込む。
　持ちこむことが難しい場合は、 粗大ごみ戸別有料収集をご利用ください。","（50㎝以下に切る）※折り曲げるだけではNG
金属部分は切りとる ※切りとった部分は「燃やせないごみ」"
資源(プラスチック),"・プラスチック製品
・プラスチック製容器包装
・1 0 0％プラスチックでできている１辺が102㎝以下のもの",ゴミステーション（市が回収）,ホース,"1：汚れているものは洗って乾かす
2：指定袋（黄色）に入れて口をしっかりとしばる(テープなどでとめるのは×)
3：朝８時までに決められたごみステーションへ

※袋に入れてエコらんど・篠目リサイクルステーションへも持ち込めます。
※50cm を超えるものは、切ったりこわしたりして50cm 以下にして袋に
　入れるか、102cm以下にできないものは次のとおりとしてください。
　・軟らかいプラスチック製品→環境クリーンセンターへ持ち込む。
　・硬いプラスチック製品→エコらんどまたはリサイクルプラザへ持ち込む。
　持ちこむことが難しい場合は、 粗大ごみ戸別有料収集をご利用ください。",
資源(びん・缶類),・びん、缶類,ゴミステーション（市が回収）,飲料用のびん（ビールびん、一升びん、ドリンク剤のびん）,"1：空びん・缶はふたや栓を取り軽く水洗いする
　　はずしたふたや栓は素材によって捨て方が異なります
　　例）コルクの栓『燃やせるごみ』
　　　　金属製のふた『燃やせないごみ』
　　　　プラスチック製のふた『プラスチック資源』
２：朝８時までに決められたごみステーションの青色コンテナへ
　　・缶にタバコなどの異物を入れないで！
　　・びん、缶を入れてきた袋は持ち帰って！
　　・びん、缶を同じコンテナに入れないで！

※不透明な化粧品のびん、割れたびん、耐熱ガラス容器やガラスの食器、灯油缶などの大きな缶は、「びん・缶類」には出せません
",のりづけされたラベルは剥がさなくてＯＫ
資源(びん・缶類),・びん、缶類,ゴミステーション（市が回収）,食品用のびん（調味料のびん、のり・ジャム・コーヒーのびんなど）,"1：空びん・缶はふたや栓を取り軽く水洗いする
　　はずしたふたや栓は素材によって捨て方が異なります
　　例）コルクの栓『燃やせるごみ』
　　　　金属製のふた『燃やせないごみ』
　　　　プラスチック製のふた『プラスチック資源』
２：朝９時までに決められたごみステーションの青色コンテナへ
　　・缶にタバコなどの異物を入れないで！
　　・びん、缶を入れてきた袋は持ち帰って！
　　・びん、缶を同じコンテナに入れないで！

※不透明な化粧品のびん、割れたびん、耐熱ガラス容器やガラスの食器、灯油缶などの大きな缶は、「びん・缶類」には出せません
",割れたびんは出せません『燃やせないごみ』
資源(びん・缶類),・びん、缶類,ゴミステーション（市が回収）,透明な化粧品のびん（透明なびん、または色つきであっても口の部分が透明なびん）,"1：空びん・缶はふたや栓を取り軽く水洗いする
　　はずしたふたや栓は素材によって捨て方が異なります
　　例）コルクの栓『燃やせるごみ』
　　　　金属製のふた『燃やせないごみ』
　　　　プラスチック製のふた『プラスチック資源』
２：朝１０時までに決められたごみステーションの青色コンテナへ
　　・缶にタバコなどの異物を入れないで！
　　・びん、缶を入れてきた袋は持ち帰って！
　　・びん、缶を同じコンテナに入れないで！

※不透明な化粧品のびん、割れたびん、耐熱ガラス容器やガラスの食器、灯油缶などの大きな缶は、「びん・缶類」には出せません
",不透明なびんは出せません『燃やせないごみ』
資源(びん・缶類),・びん、缶類,ゴミステーション（市が回収）,飲料用の缶（ジュース缶、ビール缶など）,"1：空びん・缶はふたや栓を取り軽く水洗いする
　　はずしたふたや栓は素材によって捨て方が異なります
　　例）コルクの栓『燃やせるごみ』
　　　　金属製のふた『燃やせないごみ』
　　　　プラスチック製のふた『プラスチック資源』
２：朝１１時までに決められたごみステーションの青色コンテナへ
　　・缶にタバコなどの異物を入れないで！
　　・びん、缶を入れてきた袋は持ち帰って！
　　・びん、缶を同じコンテナに入れないで！

※不透明な化粧品のびん、割れたびん、耐熱ガラス容器やガラスの食器、灯油缶などの大きな缶は、「びん・缶類」には出せません
","・つぶさないで入れてください
・大きな缶（499mlより大きい缶）は出せません『燃やせないごみ』 
・スプレー缶は出せません『破砕困難ごみ・危険ごみ』"
資源(びん・缶類),・びん、缶類,ゴミステーション（市が回収）,食品用の缶（缶詰・お茶・のり・食用油・お菓子などの小さな缶）,"1：空びん・缶はふたや栓を取り軽く水洗いする
　　はずしたふたや栓は素材によって捨て方が異なります
　　例）コルクの栓『燃やせるごみ』
　　　　金属製のふた『燃やせないごみ』
　　　　プラスチック製のふた『プラスチック資源』
２：朝１２時までに決められたごみステーションの青色コンテナへ
　　・缶にタバコなどの異物を入れないで！
　　・びん、缶を入れてきた袋は持ち帰って！
　　・びん、缶を同じコンテナに入れないで！

※不透明な化粧品のびん、割れたびん、耐熱ガラス容器やガラスの食器、灯油缶などの大きな缶は、「びん・缶類」には出せません。中身が残っているものは出せません
","・つぶさないで入れてください
・大きな缶（500mlより大きい缶）は出せません『燃やせないごみ』 
・スプレー缶は出せません『破砕困難ごみ・危険ごみ』"
資源(粉砕困難・危険ごみ),"・かたい鉄製のもの(破砕機の刃が壊れるため)
・長い金属製のもの(破砕機に巻きつくため)",ゴミステーション（市が回収）,"ホーローなべ
","1：スプレー缶やガスボンベは穴あけ不要です。ふたをはずして、中身は使い切ってください
・屋外で近くに火気の無いことを確認してください
・各スプレー缶の記載事項をよく読んでからおこなってください
・ガス抜きキャップ等が装着されている場合は使用してください
例）金属製のふた『燃やせないごみ』
　　プラスチック製のふた『プラスチック資源』
2：朝８時までに決められたごみステーションの黄色コンテナへコンテナからはみ出る場合は直接リサイクルプラザへ持ち込んでください

※破砕困難ごみや危険ごみを入れてきた袋は持ち帰って下さい",
資源(粉砕困難・危険ごみ),"・かたい鉄製のもの(破砕機の刃が壊れるため)
・長い金属製のもの(破砕機に巻きつくため)",ゴミステーション（市が回収）,中華なべ,"1：スプレー缶やガスボンベは穴あけ不要です。ふたをはずして、中身は使い切ってください
・屋外で近くに火気の無いことを確認してください
・各スプレー缶の記載事項をよく読んでからおこなってください
・ガス抜きキャップ等が装着されている場合は使用してください
例）金属製のふた『燃やせないごみ』
　　プラスチック製のふた『プラスチック資源』
2：朝９時までに決められたごみステーションの黄色コンテナへコンテナからはみ出る場合は直接リサイクルプラザへ持ち込んでください

※破砕困難ごみや危険ごみを入れてきた袋は持ち帰って下さい",
資源(粉砕困難・危険ごみ),"・かたい鉄製のもの(破砕機の刃が壊れるため)
・長い金属製のもの(破砕機に巻きつくため)",ゴミステーション（市が回収）,フライパン,"1：スプレー缶やガスボンベは穴あけ不要です。ふたをはずして、中身は使い切ってください
・屋外で近くに火気の無いことを確認してください
・各スプレー缶の記載事項をよく読んでからおこなってください
・ガス抜きキャップ等が装着されている場合は使用してください
例）金属製のふた『燃やせないごみ』
　　プラスチック製のふた『プラスチック資源』
2：朝１０時までに決められたごみステーションの黄色コンテナへコンテナからはみ出る場合は直接リサイクルプラザへ持ち込んでください

※破砕困難ごみや危険ごみを入れてきた袋は持ち帰って下さい",
資源(粉砕困難・危険ごみ),"・かたい鉄製のもの(破砕機の刃が壊れるため)
・長い金属製のもの(破砕機に巻きつくため)",ゴミステーション（市が回収）,アイロン,"1：スプレー缶やガスボンベは穴あけ不要です。ふたをはずして、中身は使い切ってください
・屋外で近くに火気の無いことを確認してください
・各スプレー缶の記載事項をよく読んでからおこなってください
・ガス抜きキャップ等が装着されている場合は使用してください
例）金属製のふた『燃やせないごみ』
　　プラスチック製のふた『プラスチック資源』
2：朝１１時までに決められたごみステーションの黄色コンテナへコンテナからはみ出る場合は直接リサイクルプラザへ持ち込んでください

※破砕困難ごみや危険ごみを入れてきた袋は持ち帰って下さい",
資源(粉砕困難・危険ごみ),"・かたい鉄製のもの(破砕機の刃が壊れるため)
・長い金属製のもの(破砕機に巻きつくため)",ゴミステーション（市が回収）,家庭用工具類(ペンチ、レンチ、トンカチ等),"1：スプレー缶やガスボンベは穴あけ不要です。ふたをはずして、中身は使い切ってください
・屋外で近くに火気の無いことを確認してください
・各スプレー缶の記載事項をよく読んでからおこなってください
・ガス抜きキャップ等が装着されている場合は使用してください
例）金属製のふた『燃やせないごみ』
　　プラスチック製のふた『プラスチック資源』
2：朝１２時までに決められたごみステーションの黄色コンテナへコンテナからはみ出る場合は直接リサイクルプラザへ持ち込んでください

※破砕困難ごみや危険ごみを入れてきた袋は持ち帰って下さい",
資源(粉砕困難・危険ごみ),"・かたい鉄製のもの(破砕機の刃が壊れるため)
・長い金属製のもの(破砕機に巻きつくため)",ゴミステーション（市が回収）,電気（電飾）コード,"1：スプレー缶やガスボンベは穴あけ不要です。ふたをはずして、中身は使い切ってください
・屋外で近くに火気の無いことを確認してください
・各スプレー缶の記載事項をよく読んでからおこなってください
・ガス抜きキャップ等が装着されている場合は使用してください
例）金属製のふた『燃やせないごみ』
　　プラスチック製のふた『プラスチック資源』
2：朝１３時までに決められたごみステーションの黄色コンテナへコンテナからはみ出る場合は直接リサイクルプラザへ持ち込んでください

※破砕困難ごみや危険ごみを入れてきた袋は持ち帰って下さい",
資源(粉砕困難・危険ごみ),"・かたい鉄製のもの(破砕機の刃が壊れるため)
・長い金属製のもの(破砕機に巻きつくため)",ゴミステーション（市が回収）,家電のコード,"1：スプレー缶やガスボンベは穴あけ不要です。ふたをはずして、中身は使い切ってください
・屋外で近くに火気の無いことを確認してください
・各スプレー缶の記載事項をよく読んでからおこなってください
・ガス抜きキャップ等が装着されている場合は使用してください
例）金属製のふた『燃やせないごみ』
　　プラスチック製のふた『プラスチック資源』
2：朝１４時までに決められたごみステーションの黄色コンテナへコンテナからはみ出る場合は直接リサイクルプラザへ持ち込んでください

※破砕困難ごみや危険ごみを入れてきた袋は持ち帰って下さい",
資源(粉砕困難・危険ごみ),"・かたい鉄製のもの(破砕機の刃が壊れるため)
・長い金属製のもの(破砕機に巻きつくため)
・ガス缶、電池、刃物、水銀体温計等
・充電式小型家電(1辺が20cm以下の大きさで、充電式で簡単
に電池が取り出せないもの)",ゴミステーション（市が回収）,針金ハンガー,"1：スプレー缶やガスボンベは穴あけ不要です。ふたをはずして、中身は使い切ってください
・屋外で近くに火気の無いことを確認してください
・各スプレー缶の記載事項をよく読んでからおこなってください
・ガス抜きキャップ等が装着されている場合は使用してください
例）金属製のふた『燃やせないごみ』
　　プラスチック製のふた『プラスチック資源』
2：朝１５時までに決められたごみステーションの黄色コンテナへコンテナからはみ出る場合は直接リサイクルプラザへ持ち込んでください

※破砕困難ごみや危険ごみを入れてきた袋は持ち帰って下さい",クリーニング店へ返却することもできます
資源(粉砕困難・危険ごみ),"・かたい鉄製のもの(破砕機の刃が壊れるため)
・長い金属製のもの(破砕機に巻きつくため)
・ガス缶、電池、刃物、水銀体温計等
・充電式小型家電(1辺が21cm以下の大きさで、充電式で簡単
に電池が取り出せないもの)",ゴミステーション（市が回収）,簡易ガスボンベ、スプレー缶、ライターなど,"1：スプレー缶やガスボンベは穴あけ不要です。ふたをはずして、中身は使い切ってください
・屋外で近くに火気の無いことを確認してください
・各スプレー缶の記載事項をよく読んでからおこなってください
・ガス抜きキャップ等が装着されている場合は使用してください
例）金属製のふた『燃やせないごみ』
　　プラスチック製のふた『プラスチック資源』
2：朝１６時までに決められたごみステーションの黄色コンテナへコンテナからはみ出る場合は直接リサイクルプラザへ持ち込んでください

※破砕困難ごみや危険ごみを入れてきた袋は持ち帰って下さい","・穴あけは不要です
・中身を使い切ってください
・持ち込む場合は直接リサイクルプラザまたはエコらんどへ"
資源(粉砕困難・危険ごみ),"・かたい鉄製のもの(破砕機の刃が壊れるため)
・長い金属製のもの(破砕機に巻きつくため)
・ガス缶、電池、刃物、水銀体温計等
・充電式小型家電(1辺が22cm以下の大きさで、充電式で簡単
に電池が取り出せないもの)",ゴミステーション（市が回収）,燃料・薬品・化粧品の缶、ガスライターなど,"1：スプレー缶やガスボンベは穴あけ不要です。ふたをはずして、中身は使い切ってください
・屋外で近くに火気の無いことを確認してください
・各スプレー缶の記載事項をよく読んでからおこなってください
・ガス抜きキャップ等が装着されている場合は使用してください
例）金属製のふた『燃やせないごみ』
　　プラスチック製のふた『プラスチック資源』
2：朝１７時までに決められたごみステーションの黄色コンテナへコンテナからはみ出る場合は直接リサイクルプラザへ持ち込んでください

※破砕困難ごみや危険ごみを入れてきた袋は持ち帰って下さい","・穴あけは不要です
・中身を使い切ってください
・持ち込む場合は直接リサイクルプラザまたはエコらんどへ"
資源(粉砕困難・危険ごみ),"・かたい鉄製のもの(破砕機の刃が壊れるため)
・長い金属製のもの(破砕機に巻きつくため)
・ガス缶、電池、刃物、水銀体温計等
・充電式小型家電(1辺が23cm以下の大きさで、充電式で簡単
に電池が取り出せないもの)",ゴミステーション（市が回収）,水銀体温計,"1：スプレー缶やガスボンベは穴あけ不要です。ふたをはずして、中身は使い切ってください
・屋外で近くに火気の無いことを確認してください
・各スプレー缶の記載事項をよく読んでからおこなってください
・ガス抜きキャップ等が装着されている場合は使用してください
例）金属製のふた『燃やせないごみ』
　　プラスチック製のふた『プラスチック資源』
2：朝１８時までに決められたごみステーションの黄色コンテナへコンテナからはみ出る場合は直接リサイクルプラザへ持ち込んでください

※破砕困難ごみや危険ごみを入れてきた袋は持ち帰って下さい",・ケースに入れたままで出してください
資源(粉砕困難・危険ごみ),"・かたい鉄製のもの(破砕機の刃が壊れるため)
・長い金属製のもの(破砕機に巻きつくため)
・ガス缶、電池、刃物、水銀体温計等
・充電式小型家電(1辺が24cm以下の大きさで、充電式で簡単
に電池が取り出せないもの)",ゴミステーション（市が回収）,包丁、カミソリの刃など,"1：スプレー缶やガスボンベは穴あけ不要です。ふたをはずして、中身は使い切ってください
・屋外で近くに火気の無いことを確認してください
・各スプレー缶の記載事項をよく読んでからおこなってください
・ガス抜きキャップ等が装着されている場合は使用してください
例）金属製のふた『燃やせないごみ』
　　プラスチック製のふた『プラスチック資源』
2：朝１９時までに決められたごみステーションの黄色コンテナへコンテナからはみ出る場合は直接リサイクルプラザへ持ち込んでください

※破砕困難ごみや危険ごみを入れてきた袋は持ち帰って下さい",刃先を新聞紙等にくるむなど、安全な形で出してください（できればリサイクルプラザかエコらんどへ持ち込んでください）
資源(粉砕困難・危険ごみ),"・かたい鉄製のもの(破砕機の刃が壊れるため)
・長い金属製のもの(破砕機に巻きつくため)
・ガス缶、電池、刃物、水銀体温計等
・充電式小型家電(1辺が25cm以下の大きさで、充電式で簡単
に電池が取り出せないもの)",ゴミステーション（市が回収）,乾電池（マンガン電池、アルカリ電池、オキシライド電池）,"1：スプレー缶やガスボンベは穴あけ不要です。ふたをはずして、中身は使い切ってください
・屋外で近くに火気の無いことを確認してください
・各スプレー缶の記載事項をよく読んでからおこなってください
・ガス抜きキャップ等が装着されている場合は使用してください
例）金属製のふた『燃やせないごみ』
　　プラスチック製のふた『プラスチック資源』
2：朝２０時までに決められたごみステーションの黄色コンテナへコンテナからはみ出る場合は直接リサイクルプラザへ持ち込んでください

※破砕困難ごみや危険ごみを入れてきた袋は持ち帰って下さい",乾電池は、市の施設、小・中学校、町内会事務所、リサイクルステーションの回収ボックスでも回収しています
資源(粉砕困難・危険ごみ),"・かたい鉄製のもの(破砕機の刃が壊れるため)
・長い金属製のもの(破砕機に巻きつくため)
・ガス缶、電池、刃物、水銀体温計等
・充電式小型家電(1辺が26cm以下の大きさで、充電式で簡単
に電池が取り出せないもの)",ゴミステーション（市が回収）,ボタン電池,"1：スプレー缶やガスボンベは穴あけ不要です。ふたをはずして、中身は使い切ってください
・屋外で近くに火気の無いことを確認してください
・各スプレー缶の記載事項をよく読んでからおこなってください
・ガス抜きキャップ等が装着されている場合は使用してください
例）金属製のふた『燃やせないごみ』
　　プラスチック製のふた『プラスチック資源』
2：朝２１時までに決められたごみステーションの黄色コンテナへコンテナからはみ出る場合は直接リサイクルプラザへ持ち込んでください

※破砕困難ごみや危険ごみを入れてきた袋は持ち帰って下さい",
資源(粉砕困難・危険ごみ),"・かたい鉄製のもの(破砕機の刃が壊れるため)
・長い金属製のもの(破砕機に巻きつくため)
・ガス缶、電池、刃物、水銀体温計等
・充電式小型家電(1辺が27cm以下の大きさで、充電式で簡単
に電池が取り出せないもの)",ゴミステーション（市が回収）,コイン型電池,"1：スプレー缶やガスボンベは穴あけ不要です。ふたをはずして、中身は使い切ってください
・屋外で近くに火気の無いことを確認してください
・各スプレー缶の記載事項をよく読んでからおこなってください
・ガス抜きキャップ等が装着されている場合は使用してください
例）金属製のふた『燃やせないごみ』
　　プラスチック製のふた『プラスチック資源』
2：朝２２時までに決められたごみステーションの黄色コンテナへコンテナからはみ出る場合は直接リサイクルプラザへ持ち込んでください

※破砕困難ごみや危険ごみを入れてきた袋は持ち帰って下さい",
資源(粉砕困難・危険ごみ),"・かたい鉄製のもの(破砕機の刃が壊れるため)
・長い金属製のもの(破砕機に巻きつくため)
・ガス缶、電池、刃物、水銀体温計等
・充電式小型家電(1辺が28cm以下の大きさで、充電式で簡単
に電池が取り出せないもの)",ゴミステーション（市が回収）,"小型充電式電池（リチウムイオン電池、ニカド電池、
ニッケル水素電池）","1：スプレー缶やガスボンベは穴あけ不要です。ふたをはずして、中身は使い切ってください
・屋外で近くに火気の無いことを確認してください
・各スプレー缶の記載事項をよく読んでからおこなってください
・ガス抜きキャップ等が装着されている場合は使用してください
例）金属製のふた『燃やせないごみ』
　　プラスチック製のふた『プラスチック資源』
2：朝２３時までに決められたごみステーションの黄色コンテナへコンテナからはみ出る場合は直接リサイクルプラザへ持ち込んでください

※破砕困難ごみや危険ごみを入れてきた袋は持ち帰って下さい",
資源(粉砕困難・危険ごみ),"・かたい鉄製のもの(破砕機の刃が壊れるため)
・長い金属製のもの(破砕機に巻きつくため)
・ガス缶、電池、刃物、水銀体温計等
・充電式小型家電(1辺が29cm以下の大きさで、充電式で簡単
に電池が取り出せないもの)",ゴミステーション（市が回収）,充電式小型家電(ワイヤレスイヤホン、電動歯ブラシ等),"1：スプレー缶やガスボンベは穴あけ不要です。ふたをはずして、中身は使い切ってください
・屋外で近くに火気の無いことを確認してください
・各スプレー缶の記載事項をよく読んでからおこなってください
・ガス抜きキャップ等が装着されている場合は使用してください
例）金属製のふた『燃やせないごみ』
　　プラスチック製のふた『プラスチック資源』
2：朝２４時までに決められたごみステーションの黄色コンテナへコンテナからはみ出る場合は直接リサイクルプラザへ持ち込んでください

※破砕困難ごみや危険ごみを入れてきた袋は持ち帰って下さい","1辺が20cm以下の大きさで、充電式で簡単
に電池が取り出せないもの"
資源ごみ(古紙・古着),"・新聞、折込チラシ、雑誌
・ダンボール
・雑がみ（雑がみとは、新聞・雑誌・ダンボール・牛乳パック以外の、リサイクルできる紙のことです）
・シュレッダー処理紙
・古着",ゴミステーション（市が回収）,新聞・折込チラシ,"【新聞、雑誌、段ボール】
1：品目（紙の種類）ごとに重ねて、ひも（できれば紙ひも）で十字にしばる
2：朝８時までに決められたごみステーションへ

【雑がみ】
1：紙袋に入れるか、包装紙などの大きな紙で包むなどして中身が出ない
ようにひもでしばるかテープやホチキスなどで止める
2：朝８時までに決められたごみステーションへ

【牛乳パック】
1：中を洗って乾燥させ切り開く
2：ひも（できれば紙ひも）で十字にしばる
3：朝８時までに決められたごみステーションへ
※プラスチックの注ぎ口のついたものは、プラスチック部分を切り取ってください

【古着】
1：ビニール袋（透明または半透明）に入れ、口をしっかりとしばる
　　※市の指定袋や推奨袋は使わないでください
2：朝８時までに決められたごみステーションへ","新聞とチラシは
分けなくても
ＯＫ"
資源ごみ(古紙・古着),"・新聞、折込チラシ、雑誌
・ダンボール
・雑がみ（雑がみとは、新聞・雑誌・ダンボール・牛乳パック以外の、リサイクルできる紙のことです）
・シュレッダー処理紙
・古着",ゴミステーション（市が回収）,雑誌,"【新聞、雑誌、段ボール】
1：品目（紙の種類）ごとに重ねて、ひも（できれば紙ひも）で十字にしばる
2：朝８時までに決められたごみステーションへ

【雑がみ】
1：紙袋に入れるか、包装紙などの大きな紙で包むなどして中身が出ない
ようにひもでしばるかテープやホチキスなどで止める
2：朝８時までに決められたごみステーションへ

【牛乳パック】
1：中を洗って乾燥させ切り開く
2：ひも（できれば紙ひも）で十字にしばる
3：朝８時までに決められたごみステーションへ
※プラスチックの注ぎ口のついたものは、プラスチック部分を切り取ってください

【古着】
1：ビニール袋（透明または半透明）に入れ、口をしっかりとしばる
　　※市の指定袋や推奨袋は使わないでください
2：朝９時までに決められたごみステーションへ","・付録のCDやDVDなどは取り除く『プラスチック資源』
・表紙が革やビニールのものは表紙を取り除く『燃やせるごみ』"
資源ごみ(古紙・古着),"・新聞、折込チラシ、雑誌
・ダンボール
・雑がみ（雑がみとは、新聞・雑誌・ダンボール・牛乳パック以外の、リサイクルできる紙のことです）
・シュレッダー処理紙
・古着",ゴミステーション（市が回収）,本,"【新聞、雑誌、段ボール】
1：品目（紙の種類）ごとに重ねて、ひも（できれば紙ひも）で十字にしばる
2：朝８時までに決められたごみステーションへ

【雑がみ】
1：紙袋に入れるか、包装紙などの大きな紙で包むなどして中身が出ない
ようにひもでしばるかテープやホチキスなどで止める
2：朝８時までに決められたごみステーションへ

【牛乳パック】
1：中を洗って乾燥させ切り開く
2：ひも（できれば紙ひも）で十字にしばる
3：朝８時までに決められたごみステーションへ
※プラスチックの注ぎ口のついたものは、プラスチック部分を切り取ってください

【古着】
1：ビニール袋（透明または半透明）に入れ、口をしっかりとしばる
　　※市の指定袋や推奨袋は使わないでください
2：朝１０時までに決められたごみステーションへ","・付録のCDやDVDなどは取り除く『プラスチック資源』
・表紙が革やビニールのものは表紙を取り除く『燃やせるごみ』"
資源ごみ(古紙・古着),"・新聞、折込チラシ、雑誌
・ダンボール
・雑がみ（雑がみとは、新聞・雑誌・ダンボール・牛乳パック以外の、リサイクルできる紙のことです）
・シュレッダー処理紙
・古着",ゴミステーション（市が回収）,教科書,"【新聞、雑誌、段ボール】
1：品目（紙の種類）ごとに重ねて、ひも（できれば紙ひも）で十字にしばる
2：朝８時までに決められたごみステーションへ

【雑がみ】
1：紙袋に入れるか、包装紙などの大きな紙で包むなどして中身が出ない
ようにひもでしばるかテープやホチキスなどで止める
2：朝８時までに決められたごみステーションへ

【牛乳パック】
1：中を洗って乾燥させ切り開く
2：ひも（できれば紙ひも）で十字にしばる
3：朝８時までに決められたごみステーションへ
※プラスチックの注ぎ口のついたものは、プラスチック部分を切り取ってください

【古着】
1：ビニール袋（透明または半透明）に入れ、口をしっかりとしばる
　　※市の指定袋や推奨袋は使わないでください
2：朝１１時までに決められたごみステーションへ","・付録のCDやDVDなどは取り除く『プラスチック資源』
・表紙が革やビニールのものは表紙を取り除く『燃やせるごみ』"
資源ごみ(古紙・古着),"・新聞、折込チラシ、雑誌
・ダンボール
・雑がみ（雑がみとは、新聞・雑誌・ダンボール・牛乳パック以外の、リサイクルできる紙のことです）
・シュレッダー処理紙
・古着",ゴミステーション（市が回収）,辞書,"【新聞、雑誌、段ボール】
1：品目（紙の種類）ごとに重ねて、ひも（できれば紙ひも）で十字にしばる
2：朝８時までに決められたごみステーションへ

【雑がみ】
1：紙袋に入れるか、包装紙などの大きな紙で包むなどして中身が出ない
ようにひもでしばるかテープやホチキスなどで止める
2：朝８時までに決められたごみステーションへ

【牛乳パック】
1：中を洗って乾燥させ切り開く
2：ひも（できれば紙ひも）で十字にしばる
3：朝８時までに決められたごみステーションへ
※プラスチックの注ぎ口のついたものは、プラスチック部分を切り取ってください

【古着】
1：ビニール袋（透明または半透明）に入れ、口をしっかりとしばる
　　※市の指定袋や推奨袋は使わないでください
2：朝１２時までに決められたごみステーションへ","・付録のCDやDVDなどは取り除く『プラスチック資源』
・表紙が革やビニールのものは表紙を取り除く『燃やせるごみ』"
資源ごみ(古紙・古着),"・新聞、折込チラシ、雑誌
・ダンボール
・雑がみ（雑がみとは、新聞・雑誌・ダンボール・牛乳パック以外の、リサイクルできる紙のことです）
・シュレッダー処理紙
・古着",ゴミステーション（市が回収）,冊子状のパンフレットやカタログ,"【新聞、雑誌、段ボール】
1：品目（紙の種類）ごとに重ねて、ひも（できれば紙ひも）で十字にしばる
2：朝８時までに決められたごみステーションへ

【雑がみ】
1：紙袋に入れるか、包装紙などの大きな紙で包むなどして中身が出ない
ようにひもでしばるかテープやホチキスなどで止める
2：朝８時までに決められたごみステーションへ

【牛乳パック】
1：中を洗って乾燥させ切り開く
2：ひも（できれば紙ひも）で十字にしばる
3：朝８時までに決められたごみステーションへ
※プラスチックの注ぎ口のついたものは、プラスチック部分を切り取ってください

【古着】
1：ビニール袋（透明または半透明）に入れ、口をしっかりとしばる
　　※市の指定袋や推奨袋は使わないでください
2：朝１３時までに決められたごみステーションへ","・付録のCDやDVDなどは取り除く『プラスチック資源』
・表紙が革やビニールのものは表紙を取り除く『燃やせるごみ』"
資源ごみ(古紙・古着),"・新聞、折込チラシ、雑誌
・ダンボール
・雑がみ（雑がみとは、新聞・雑誌・ダンボール・牛乳パック以外の、リサイクルできる紙のことです）
・シュレッダー処理紙
・古着",ゴミステーション（市が回収）,ダンボール（断面が波状のもの）,"【新聞、雑誌、段ボール】
1：品目（紙の種類）ごとに重ねて、ひも（できれば紙ひも）で十字にしばる
2：朝８時までに決められたごみステーションへ

【雑がみ】
1：紙袋に入れるか、包装紙などの大きな紙で包むなどして中身が出ない
ようにひもでしばるかテープやホチキスなどで止める
2：朝８時までに決められたごみステーションへ

【牛乳パック】
1：中を洗って乾燥させ切り開く
2：ひも（できれば紙ひも）で十字にしばる
3：朝８時までに決められたごみステーションへ
※プラスチックの注ぎ口のついたものは、プラスチック部分を切り取ってください

【古着】
1：ビニール袋（透明または半透明）に入れ、口をしっかりとしばる
　　※市の指定袋や推奨袋は使わないでください
2：朝１４時までに決められたごみステーションへ",粘着テープや止め金がついたままでもＯＫ
資源ごみ(古紙・古着),"・新聞、折込チラシ、雑誌
・ダンボール
・雑がみ（雑がみとは、新聞・雑誌・ダンボール・牛乳パック以外の、リサイクルできる紙のことです）
・シュレッダー処理紙
・古着",ゴミステーション（市が回収）,投込みチラシ(郵便受けに投函されたチラシなど）,"【新聞、雑誌、段ボール】
1：品目（紙の種類）ごとに重ねて、ひも（できれば紙ひも）で十字にしばる
2：朝８時までに決められたごみステーションへ

【雑がみ】
1：紙袋に入れるか、包装紙などの大きな紙で包むなどして中身が出ない
ようにひもでしばるかテープやホチキスなどで止める
2：朝８時までに決められたごみステーションへ

【牛乳パック】
1：中を洗って乾燥させ切り開く
2：ひも（できれば紙ひも）で十字にしばる
3：朝８時までに決められたごみステーションへ
※プラスチックの注ぎ口のついたものは、プラスチック部分を切り取ってください

【古着】
1：ビニール袋（透明または半透明）に入れ、口をしっかりとしばる
　　※市の指定袋や推奨袋は使わないでください
2：朝１５時までに決められたごみステーションへ",
資源ごみ(古紙・古着),"・新聞、折込チラシ、雑誌
・ダンボール
・雑がみ（雑がみとは、新聞・雑誌・ダンボール・牛乳パック以外の、リサイクルできる紙のことです）
・シュレッダー処理紙
・古着",ゴミステーション（市が回収）,ダイレクトメール(郵便受けに投函されたチラシなど）,"【新聞、雑誌、段ボール】
1：品目（紙の種類）ごとに重ねて、ひも（できれば紙ひも）で十字にしばる
2：朝８時までに決められたごみステーションへ

【雑がみ】
1：紙袋に入れるか、包装紙などの大きな紙で包むなどして中身が出ない
ようにひもでしばるかテープやホチキスなどで止める
2：朝８時までに決められたごみステーションへ

【牛乳パック】
1：中を洗って乾燥させ切り開く
2：ひも（できれば紙ひも）で十字にしばる
3：朝８時までに決められたごみステーションへ
※プラスチックの注ぎ口のついたものは、プラスチック部分を切り取ってください

【古着】
1：ビニール袋（透明または半透明）に入れ、口をしっかりとしばる
　　※市の指定袋や推奨袋は使わないでください
2：朝１６時までに決められたごみステーションへ",
資源ごみ(古紙・古着),"・新聞、折込チラシ、雑誌
・ダンボール
・雑がみ（雑がみとは、新聞・雑誌・ダンボール・牛乳パック以外の、リサイクルできる紙のことです）
・シュレッダー処理紙
・古着",ゴミステーション（市が回収）,パンフレット,"【新聞、雑誌、段ボール】
1：品目（紙の種類）ごとに重ねて、ひも（できれば紙ひも）で十字にしばる
2：朝８時までに決められたごみステーションへ

【雑がみ】
1：紙袋に入れるか、包装紙などの大きな紙で包むなどして中身が出ない
ようにひもでしばるかテープやホチキスなどで止める
2：朝８時までに決められたごみステーションへ

【牛乳パック】
1：中を洗って乾燥させ切り開く
2：ひも（できれば紙ひも）で十字にしばる
3：朝８時までに決められたごみステーションへ
※プラスチックの注ぎ口のついたものは、プラスチック部分を切り取ってください

【古着】
1：ビニール袋（透明または半透明）に入れ、口をしっかりとしばる
　　※市の指定袋や推奨袋は使わないでください
2：朝１７時までに決められたごみステーションへ",のり付けやホチキス止めがしてあるものは雑誌
資源ごみ(古紙・古着),"・新聞、折込チラシ、雑誌
・ダンボール
・雑がみ（雑がみとは、新聞・雑誌・ダンボール・牛乳パック以外の、リサイクルできる紙のことです）
・シュレッダー処理紙
・古着",ゴミステーション（市が回収）,コピー紙,"【新聞、雑誌、段ボール】
1：品目（紙の種類）ごとに重ねて、ひも（できれば紙ひも）で十字にしばる
2：朝８時までに決められたごみステーションへ

【雑がみ】
1：紙袋に入れるか、包装紙などの大きな紙で包むなどして中身が出ない
ようにひもでしばるかテープやホチキスなどで止める
2：朝８時までに決められたごみステーションへ

【牛乳パック】
1：中を洗って乾燥させ切り開く
2：ひも（できれば紙ひも）で十字にしばる
3：朝８時までに決められたごみステーションへ
※プラスチックの注ぎ口のついたものは、プラスチック部分を切り取ってください

【古着】
1：ビニール袋（透明または半透明）に入れ、口をしっかりとしばる
　　※市の指定袋や推奨袋は使わないでください
2：朝１８時までに決められたごみステーションへ",のり付けやホチキス止めがしてあるものは雑誌
資源ごみ(古紙・古着),"・新聞、折込チラシ、雑誌
・ダンボール
・雑がみ（雑がみとは、新聞・雑誌・ダンボール・牛乳パック以外の、リサイクルできる紙のことです）
・シュレッダー処理紙
・古着",ゴミステーション（市が回収）,封筒,"【新聞、雑誌、段ボール】
1：品目（紙の種類）ごとに重ねて、ひも（できれば紙ひも）で十字にしばる
2：朝８時までに決められたごみステーションへ

【雑がみ】
1：紙袋に入れるか、包装紙などの大きな紙で包むなどして中身が出ない
ようにひもでしばるかテープやホチキスなどで止める
2：朝８時までに決められたごみステーションへ

【牛乳パック】
1：中を洗って乾燥させ切り開く
2：ひも（できれば紙ひも）で十字にしばる
3：朝８時までに決められたごみステーションへ
※プラスチックの注ぎ口のついたものは、プラスチック部分を切り取ってください

【古着】
1：ビニール袋（透明または半透明）に入れ、口をしっかりとしばる
　　※市の指定袋や推奨袋は使わないでください
2：朝１９時までに決められたごみステーションへ",窓枠がフィルムの場合はフィルムを取り除く『燃やせるごみ』
資源ごみ(古紙・古着),"・新聞、折込チラシ、雑誌
・ダンボール
・雑がみ（雑がみとは、新聞・雑誌・ダンボール・牛乳パック以外の、リサイクルできる紙のことです）
・シュレッダー処理紙
・古着",ゴミステーション（市が回収）,ハガキ,"【新聞、雑誌、段ボール】
1：品目（紙の種類）ごとに重ねて、ひも（できれば紙ひも）で十字にしばる
2：朝８時までに決められたごみステーションへ

【雑がみ】
1：紙袋に入れるか、包装紙などの大きな紙で包むなどして中身が出ない
ようにひもでしばるかテープやホチキスなどで止める
2：朝８時までに決められたごみステーションへ

【牛乳パック】
1：中を洗って乾燥させ切り開く
2：ひも（できれば紙ひも）で十字にしばる
3：朝８時までに決められたごみステーションへ
※プラスチックの注ぎ口のついたものは、プラスチック部分を切り取ってください

【古着】
1：ビニール袋（透明または半透明）に入れ、口をしっかりとしばる
　　※市の指定袋や推奨袋は使わないでください
2：朝２０時までに決められたごみステーションへ",窓枠がフィルムの場合はフィルムを取り除く『燃やせるごみ』
資源ごみ(古紙・古着),"・新聞、折込チラシ、雑誌
・ダンボール
・雑がみ（雑がみとは、新聞・雑誌・ダンボール・牛乳パック以外の、リサイクルできる紙のことです）
・シュレッダー処理紙
・古着",ゴミステーション（市が回収）,紙箱（紙製の箱や芯、包装紙など）,"【新聞、雑誌、段ボール】
1：品目（紙の種類）ごとに重ねて、ひも（できれば紙ひも）で十字にしばる
2：朝８時までに決められたごみステーションへ

【雑がみ】
1：紙袋に入れるか、包装紙などの大きな紙で包むなどして中身が出ない
ようにひもでしばるかテープやホチキスなどで止める
2：朝８時までに決められたごみステーションへ

【牛乳パック】
1：中を洗って乾燥させ切り開く
2：ひも（できれば紙ひも）で十字にしばる
3：朝８時までに決められたごみステーションへ
※プラスチックの注ぎ口のついたものは、プラスチック部分を切り取ってください

【古着】
1：ビニール袋（透明または半透明）に入れ、口をしっかりとしばる
　　※市の指定袋や推奨袋は使わないでください
2：朝２１時までに決められたごみステーションへ",
資源ごみ(古紙・古着),"・新聞、折込チラシ、雑誌
・ダンボール
・雑がみ（雑がみとは、新聞・雑誌・ダンボール・牛乳パック以外の、リサイクルできる紙のことです）
・シュレッダー処理紙
・古着",ゴミステーション（市が回収）,包装紙（紙製の箱や芯、包装紙など）,"【新聞、雑誌、段ボール】
1：品目（紙の種類）ごとに重ねて、ひも（できれば紙ひも）で十字にしばる
2：朝８時までに決められたごみステーションへ

【雑がみ】
1：紙袋に入れるか、包装紙などの大きな紙で包むなどして中身が出ない
ようにひもでしばるかテープやホチキスなどで止める
2：朝８時までに決められたごみステーションへ

【牛乳パック】
1：中を洗って乾燥させ切り開く
2：ひも（できれば紙ひも）で十字にしばる
3：朝８時までに決められたごみステーションへ
※プラスチックの注ぎ口のついたものは、プラスチック部分を切り取ってください

【古着】
1：ビニール袋（透明または半透明）に入れ、口をしっかりとしばる
　　※市の指定袋や推奨袋は使わないでください
2：朝２２時までに決められたごみステーションへ",
資源ごみ(古紙・古着),"・新聞、折込チラシ、雑誌
・ダンボール
・雑がみ（雑がみとは、新聞・雑誌・ダンボール・牛乳パック以外の、リサイクルできる紙のことです）
・シュレッダー処理紙
・古着",ゴミステーション（市が回収）,牛乳パック（紙製で内側が白いもの）,"【新聞、雑誌、段ボール】
1：品目（紙の種類）ごとに重ねて、ひも（できれば紙ひも）で十字にしばる
2：朝８時までに決められたごみステーションへ

【雑がみ】
1：紙袋に入れるか、包装紙などの大きな紙で包むなどして中身が出ない
ようにひもでしばるかテープやホチキスなどで止める
2：朝８時までに決められたごみステーションへ

【牛乳パック】
1：中を洗って乾燥させ切り開く
2：ひも（できれば紙ひも）で十字にしばる
3：朝８時までに決められたごみステーションへ
※プラスチックの注ぎ口のついたものは、プラスチック部分を切り取ってください

【古着】
1：ビニール袋（透明または半透明）に入れ、口をしっかりとしばる
　　※市の指定袋や推奨袋は使わないでください
2：朝２３時までに決められたごみステーションへ","・アルミなどでコーティングされているもの『燃やせるごみ』
・プラスチックの注ぎ口は取り除いて『プラスチック資源』"
資源ごみ(古紙・古着),"・新聞、折込チラシ、雑誌
・ダンボール
・雑がみ（雑がみとは、新聞・雑誌・ダンボール・牛乳パック以外の、リサイクルできる紙のことです）
・シュレッダー処理紙
・古着",ゴミステーション（市が回収）,ジュースのパック（紙製で内側が白いもの）,"【新聞、雑誌、段ボール】
1：品目（紙の種類）ごとに重ねて、ひも（できれば紙ひも）で十字にしばる
2：朝８時までに決められたごみステーションへ

【雑がみ】
1：紙袋に入れるか、包装紙などの大きな紙で包むなどして中身が出ない
ようにひもでしばるかテープやホチキスなどで止める
2：朝８時までに決められたごみステーションへ

【牛乳パック】
1：中を洗って乾燥させ切り開く
2：ひも（できれば紙ひも）で十字にしばる
3：朝８時までに決められたごみステーションへ
※プラスチックの注ぎ口のついたものは、プラスチック部分を切り取ってください

【古着】
1：ビニール袋（透明または半透明）に入れ、口をしっかりとしばる
　　※市の指定袋や推奨袋は使わないでください
2：朝２４時までに決められたごみステーションへ","・アルミなどでコーティングされているもの『燃やせるごみ』
・プラスチックの注ぎ口は取り除いて『プラスチック資源』"
資源ごみ(古紙・古着),"・新聞、折込チラシ、雑誌
・ダンボール
・雑がみ（雑がみとは、新聞・雑誌・ダンボール・牛乳パック以外の、リサイクルできる紙のことです）
・シュレッダー処理紙
・古着",ゴミステーション（市が回収）,シュレッダー処理紙,"【新聞、雑誌、段ボール】
1：品目（紙の種類）ごとに重ねて、ひも（できれば紙ひも）で十字にしばる
2：朝８時までに決められたごみステーションへ

【雑がみ】
1：紙袋に入れるか、包装紙などの大きな紙で包むなどして中身が出ない
ようにひもでしばるかテープやホチキスなどで止める
2：朝８時までに決められたごみステーションへ

【牛乳パック】
1：中を洗って乾燥させ切り開く
2：ひも（できれば紙ひも）で十字にしばる
3：朝８時までに決められたごみステーションへ
※プラスチックの注ぎ口のついたものは、プラスチック部分を切り取ってください

【古着】
1：ビニール袋（透明または半透明）に入れ、口をしっかりとしばる
　　※市の指定袋や推奨袋は使わないでください
2：朝２５時までに決められたごみステーションへ","・透明袋にシュレッダーくずのみを入れて、エコらんどに出すことができます
・ごみステーションに出す場合は『燃やせるごみ』"
資源ごみ(古紙・古着),"・新聞、折込チラシ、雑誌
・ダンボール
・雑がみ（雑がみとは、新聞・雑誌・ダンボール・牛乳パック以外の、リサイクルできる紙のことです）
・シュレッダー処理紙
・古着",ゴミステーション（市が回収）,セーター,"【新聞、雑誌、段ボール】
1：品目（紙の種類）ごとに重ねて、ひも（できれば紙ひも）で十字にしばる
2：朝８時までに決められたごみステーションへ

【雑がみ】
1：紙袋に入れるか、包装紙などの大きな紙で包むなどして中身が出ない
ようにひもでしばるかテープやホチキスなどで止める
2：朝８時までに決められたごみステーションへ

【牛乳パック】
1：中を洗って乾燥させ切り開く
2：ひも（できれば紙ひも）で十字にしばる
3：朝８時までに決められたごみステーションへ
※プラスチックの注ぎ口のついたものは、プラスチック部分を切り取ってください

【古着】
1：ビニール袋（透明または半透明）に入れ、口をしっかりとしばる
　　※市の指定袋や推奨袋は使わないでください
2：朝２６時までに決められたごみステーションへ","・汚れているもの、破れているもの、ぬれているもの、臭いの取れないものなどは収集しません『燃やせるごみ』

・雨や雪の日、雨の予想される日にはぜったいに出さないで下さい"
資源ごみ(古紙・古着),"・新聞、折込チラシ、雑誌
・ダンボール
・雑がみ（雑がみとは、新聞・雑誌・ダンボール・牛乳パック以外の、リサイクルできる紙のことです）
・シュレッダー処理紙
・古着",ゴミステーション（市が回収）,ベスト,"【新聞、雑誌、段ボール】
1：品目（紙の種類）ごとに重ねて、ひも（できれば紙ひも）で十字にしばる
2：朝８時までに決められたごみステーションへ

【雑がみ】
1：紙袋に入れるか、包装紙などの大きな紙で包むなどして中身が出ない
ようにひもでしばるかテープやホチキスなどで止める
2：朝８時までに決められたごみステーションへ

【牛乳パック】
1：中を洗って乾燥させ切り開く
2：ひも（できれば紙ひも）で十字にしばる
3：朝８時までに決められたごみステーションへ
※プラスチックの注ぎ口のついたものは、プラスチック部分を切り取ってください

【古着】
1：ビニール袋（透明または半透明）に入れ、口をしっかりとしばる
　　※市の指定袋や推奨袋は使わないでください
2：朝２７時までに決められたごみステーションへ","・汚れているもの、破れているもの、ぬれているもの、臭いの取れないものなどは収集しません『燃やせるごみ』

・雨や雪の日、雨の予想される日にはぜったいに出さないで下さい"
資源ごみ(古紙・古着),"・新聞、折込チラシ、雑誌
・ダンボール
・雑がみ（雑がみとは、新聞・雑誌・ダンボール・牛乳パック以外の、リサイクルできる紙のことです）
・シュレッダー処理紙
・古着",ゴミステーション（市が回収）,ブラウス,"【新聞、雑誌、段ボール】
1：品目（紙の種類）ごとに重ねて、ひも（できれば紙ひも）で十字にしばる
2：朝８時までに決められたごみステーションへ

【雑がみ】
1：紙袋に入れるか、包装紙などの大きな紙で包むなどして中身が出ない
ようにひもでしばるかテープやホチキスなどで止める
2：朝８時までに決められたごみステーションへ

【牛乳パック】
1：中を洗って乾燥させ切り開く
2：ひも（できれば紙ひも）で十字にしばる
3：朝８時までに決められたごみステーションへ
※プラスチックの注ぎ口のついたものは、プラスチック部分を切り取ってください

【古着】
1：ビニール袋（透明または半透明）に入れ、口をしっかりとしばる
　　※市の指定袋や推奨袋は使わないでください
2：朝２８時までに決められたごみステーションへ","・汚れているもの、破れているもの、ぬれているもの、臭いの取れないものなどは収集しません『燃やせるごみ』

・雨や雪の日、雨の予想される日にはぜったいに出さないで下さい"
資源ごみ(古紙・古着),"・新聞、折込チラシ、雑誌
・ダンボール
・雑がみ（雑がみとは、新聞・雑誌・ダンボール・牛乳パック以外の、リサイクルできる紙のことです）
・シュレッダー処理紙
・古着",ゴミステーション（市が回収）,コート,"【新聞、雑誌、段ボール】
1：品目（紙の種類）ごとに重ねて、ひも（できれば紙ひも）で十字にしばる
2：朝８時までに決められたごみステーションへ

【雑がみ】
1：紙袋に入れるか、包装紙などの大きな紙で包むなどして中身が出ない
ようにひもでしばるかテープやホチキスなどで止める
2：朝８時までに決められたごみステーションへ

【牛乳パック】
1：中を洗って乾燥させ切り開く
2：ひも（できれば紙ひも）で十字にしばる
3：朝８時までに決められたごみステーションへ
※プラスチックの注ぎ口のついたものは、プラスチック部分を切り取ってください

【古着】
1：ビニール袋（透明または半透明）に入れ、口をしっかりとしばる
　　※市の指定袋や推奨袋は使わないでください
2：朝２９時までに決められたごみステーションへ","・汚れているもの、破れているもの、ぬれているもの、臭いの取れないものなどは収集しません『燃やせるごみ』

・雨や雪の日、雨の予想される日にはぜったいに出さないで下さい"
資源ごみ(古紙・古着),"・新聞、折込チラシ、雑誌
・ダンボール
・雑がみ（雑がみとは、新聞・雑誌・ダンボール・牛乳パック以外の、リサイクルできる紙のことです）
・シュレッダー処理紙
・古着",ゴミステーション（市が回収）,ジャンパー,"【新聞、雑誌、段ボール】
1：品目（紙の種類）ごとに重ねて、ひも（できれば紙ひも）で十字にしばる
2：朝８時までに決められたごみステーションへ

【雑がみ】
1：紙袋に入れるか、包装紙などの大きな紙で包むなどして中身が出ない
ようにひもでしばるかテープやホチキスなどで止める
2：朝８時までに決められたごみステーションへ

【牛乳パック】
1：中を洗って乾燥させ切り開く
2：ひも（できれば紙ひも）で十字にしばる
3：朝８時までに決められたごみステーションへ
※プラスチックの注ぎ口のついたものは、プラスチック部分を切り取ってください

【古着】
1：ビニール袋（透明または半透明）に入れ、口をしっかりとしばる
　　※市の指定袋や推奨袋は使わないでください
2：朝３０時までに決められたごみステーションへ","・汚れているもの、破れているもの、ぬれているもの、臭いの取れないものなどは収集しません『燃やせるごみ』

・雨や雪の日、雨の予想される日にはぜったいに出さないで下さい"
資源ごみ(古紙・古着),"・新聞、折込チラシ、雑誌
・ダンボール
・雑がみ（雑がみとは、新聞・雑誌・ダンボール・牛乳パック以外の、リサイクルできる紙のことです）
・シュレッダー処理紙
・古着",ゴミステーション（市が回収）,ダウンジャケット,"【新聞、雑誌、段ボール】
1：品目（紙の種類）ごとに重ねて、ひも（できれば紙ひも）で十字にしばる
2：朝８時までに決められたごみステーションへ

【雑がみ】
1：紙袋に入れるか、包装紙などの大きな紙で包むなどして中身が出ない
ようにひもでしばるかテープやホチキスなどで止める
2：朝８時までに決められたごみステーションへ

【牛乳パック】
1：中を洗って乾燥させ切り開く
2：ひも（できれば紙ひも）で十字にしばる
3：朝８時までに決められたごみステーションへ
※プラスチックの注ぎ口のついたものは、プラスチック部分を切り取ってください

【古着】
1：ビニール袋（透明または半透明）に入れ、口をしっかりとしばる
　　※市の指定袋や推奨袋は使わないでください
2：朝３１時までに決められたごみステーションへ","・汚れているもの、破れているもの、ぬれているもの、臭いの取れないものなどは収集しません『燃やせるごみ』

・雨や雪の日、雨の予想される日にはぜったいに出さないで下さい"
資源ごみ(古紙・古着),"・新聞、折込チラシ、雑誌
・ダンボール
・雑がみ（雑がみとは、新聞・雑誌・ダンボール・牛乳パック以外の、リサイクルできる紙のことです）
・シュレッダー処理紙
・古着",ゴミステーション（市が回収）,ジャージ,"【新聞、雑誌、段ボール】
1：品目（紙の種類）ごとに重ねて、ひも（できれば紙ひも）で十字にしばる
2：朝８時までに決められたごみステーションへ

【雑がみ】
1：紙袋に入れるか、包装紙などの大きな紙で包むなどして中身が出ない
ようにひもでしばるかテープやホチキスなどで止める
2：朝８時までに決められたごみステーションへ

【牛乳パック】
1：中を洗って乾燥させ切り開く
2：ひも（できれば紙ひも）で十字にしばる
3：朝８時までに決められたごみステーションへ
※プラスチックの注ぎ口のついたものは、プラスチック部分を切り取ってください

【古着】
1：ビニール袋（透明または半透明）に入れ、口をしっかりとしばる
　　※市の指定袋や推奨袋は使わないでください
2：朝３２時までに決められたごみステーションへ","・汚れているもの、破れているもの、ぬれているもの、臭いの取れないものなどは収集しません『燃やせるごみ』

・雨や雪の日、雨の予想される日にはぜったいに出さないで下さい"
資源ごみ(古紙・古着),"・新聞、折込チラシ、雑誌
・ダンボール
・雑がみ（雑がみとは、新聞・雑誌・ダンボール・牛乳パック以外の、リサイクルできる紙のことです）
・シュレッダー処理紙
・古着",ゴミステーション（市が回収）,Tシャツ,"【新聞、雑誌、段ボール】
1：品目（紙の種類）ごとに重ねて、ひも（できれば紙ひも）で十字にしばる
2：朝８時までに決められたごみステーションへ

【雑がみ】
1：紙袋に入れるか、包装紙などの大きな紙で包むなどして中身が出ない
ようにひもでしばるかテープやホチキスなどで止める
2：朝８時までに決められたごみステーションへ

【牛乳パック】
1：中を洗って乾燥させ切り開く
2：ひも（できれば紙ひも）で十字にしばる
3：朝８時までに決められたごみステーションへ
※プラスチックの注ぎ口のついたものは、プラスチック部分を切り取ってください

【古着】
1：ビニール袋（透明または半透明）に入れ、口をしっかりとしばる
　　※市の指定袋や推奨袋は使わないでください
2：朝３３時までに決められたごみステーションへ","・汚れているもの、破れているもの、ぬれているもの、臭いの取れないものなどは収集しません『燃やせるごみ』

・雨や雪の日、雨の予想される日にはぜったいに出さないで下さい"
資源ごみ(古紙・古着),"・新聞、折込チラシ、雑誌
・ダンボール
・雑がみ（雑がみとは、新聞・雑誌・ダンボール・牛乳パック以外の、リサイクルできる紙のことです）
・シュレッダー処理紙
・古着",ゴミステーション（市が回収）,ウィンドブレーカー,"【新聞、雑誌、段ボール】
1：品目（紙の種類）ごとに重ねて、ひも（できれば紙ひも）で十字にしばる
2：朝８時までに決められたごみステーションへ

【雑がみ】
1：紙袋に入れるか、包装紙などの大きな紙で包むなどして中身が出ない
ようにひもでしばるかテープやホチキスなどで止める
2：朝８時までに決められたごみステーションへ

【牛乳パック】
1：中を洗って乾燥させ切り開く
2：ひも（できれば紙ひも）で十字にしばる
3：朝８時までに決められたごみステーションへ
※プラスチックの注ぎ口のついたものは、プラスチック部分を切り取ってください

【古着】
1：ビニール袋（透明または半透明）に入れ、口をしっかりとしばる
　　※市の指定袋や推奨袋は使わないでください
2：朝３４時までに決められたごみステーションへ","・汚れているもの、破れているもの、ぬれているもの、臭いの取れないものなどは収集しません『燃やせるごみ』

・雨や雪の日、雨の予想される日にはぜったいに出さないで下さい"
資源ごみ(古紙・古着),"・新聞、折込チラシ、雑誌
・ダンボール
・雑がみ（雑がみとは、新聞・雑誌・ダンボール・牛乳パック以外の、リサイクルできる紙のことです）
・シュレッダー処理紙
・古着",ゴミステーション（市が回収）,ズボン,"【新聞、雑誌、段ボール】
1：品目（紙の種類）ごとに重ねて、ひも（できれば紙ひも）で十字にしばる
2：朝８時までに決められたごみステーションへ

【雑がみ】
1：紙袋に入れるか、包装紙などの大きな紙で包むなどして中身が出ない
ようにひもでしばるかテープやホチキスなどで止める
2：朝８時までに決められたごみステーションへ

【牛乳パック】
1：中を洗って乾燥させ切り開く
2：ひも（できれば紙ひも）で十字にしばる
3：朝８時までに決められたごみステーションへ
※プラスチックの注ぎ口のついたものは、プラスチック部分を切り取ってください

【古着】
1：ビニール袋（透明または半透明）に入れ、口をしっかりとしばる
　　※市の指定袋や推奨袋は使わないでください
2：朝３５時までに決められたごみステーションへ","・汚れているもの、破れているもの、ぬれているもの、臭いの取れないものなどは収集しません『燃やせるごみ』

・雨や雪の日、雨の予想される日にはぜったいに出さないで下さい"
資源ごみ(古紙・古着),"・新聞、折込チラシ、雑誌
・ダンボール
・雑がみ（雑がみとは、新聞・雑誌・ダンボール・牛乳パック以外の、リサイクルできる紙のことです）
・シュレッダー処理紙
・古着",ゴミステーション（市が回収）,スカート,"【新聞、雑誌、段ボール】
1：品目（紙の種類）ごとに重ねて、ひも（できれば紙ひも）で十字にしばる
2：朝８時までに決められたごみステーションへ

【雑がみ】
1：紙袋に入れるか、包装紙などの大きな紙で包むなどして中身が出ない
ようにひもでしばるかテープやホチキスなどで止める
2：朝８時までに決められたごみステーションへ

【牛乳パック】
1：中を洗って乾燥させ切り開く
2：ひも（できれば紙ひも）で十字にしばる
3：朝８時までに決められたごみステーションへ
※プラスチックの注ぎ口のついたものは、プラスチック部分を切り取ってください

【古着】
1：ビニール袋（透明または半透明）に入れ、口をしっかりとしばる
　　※市の指定袋や推奨袋は使わないでください
2：朝３６時までに決められたごみステーションへ","・汚れているもの、破れているもの、ぬれているもの、臭いの取れないものなどは収集しません『燃やせるごみ』

・雨や雪の日、雨の予想される日にはぜったいに出さないで下さい"
せん定枝,"・枯れていない枝(せん定後、おおむね1週間程度)
・直径15cm以内で長さ2m以内の樹木。ただし直径35cm以内で長さ１m以内に切断されていればOK
・実や葉がついていてもOK（実や葉だけは×）",せん定枝リサイクルプラント,大きい枝,せん定枝リサイクルプラントへ持ち込んでください,"せん定枝リサイクルプラントに持込みできないもの
・枯れているもの
・根っこの部分
・材木
・毒性のあるもの（キョウチクトウ、アセビ、
イチイ属、ウルシなど）
・処理が困難なもの
　繊維質がかたく、破砕が難しい
（アツバキミガヨラン、キンポウラン、ニオイシュロラン、
カナリーヤシ、シュロなど）
　異物が混入して破砕機の刃が摩耗しやすい
（草、落ち葉、樹木の根）
・植物の発酵に支障をきたすもの
（笹・竹、きゅうり・なすなどの野菜、枯れた樹木や腐食した樹木）"
燃やせるごみ,,ゴミステーション（市が回収）,小さい枝,"1：葉のついたものは
指定袋（赤色）に入れて
口をしっかりとしばる。葉のついてないもの
は50cm以内に切って、ひもで束ねて出すことができます(直径15cm以内にしてください)
2：朝８時までに決められたごみステーションへ
※一度に出せるのは指定袋3袋程度の量まで
※指定袋3袋より多く出したい場合は、直接環境クリーンセンターへ",
市で対応不可,『特定家庭用機器再商品化法（家電リサイクル法）』に基づき、家電メーカーが引き取って、資源として再利用することとなっている品目。これらを処分する際には、リサイクル料金が必要となります。,廃棄する家電を「購入した」もしくは「買替え」するお店に引取りを依頼,テレビ（ブラウン管テレビ、液晶テレビ・プラズマテレビ）,廃棄する家電を「購入した」もしくは「買替え」するお店に引取りを依頼しましょう。お店によって引取り方が異なるので、お店にお問い合わせください。購入したお店が遠方の場合などは、お近くの家電取扱店にご相談ください。,
市で対応不可,『特定家庭用機器再商品化法（家電リサイクル法）』に基づき、家電メーカーが引き取って、資源として再利用することとなっている品目。これらを処分する際には、リサイクル料金が必要となります。,廃棄する家電を「購入した」もしくは「買替え」するお店に引取りを依頼,エアコン（室外機を含む）,廃棄する家電を「購入した」もしくは「買替え」するお店に引取りを依頼しましょう。お店によって引取り方が異なるので、お店にお問い合わせください。購入したお店が遠方の場合などは、お近くの家電取扱店にご相談ください。,
市で対応不可,『特定家庭用機器再商品化法（家電リサイクル法）』に基づき、家電メーカーが引き取って、資源として再利用することとなっている品目。これらを処分する際には、リサイクル料金が必要となります。,廃棄する家電を「購入した」もしくは「買替え」するお店に引取りを依頼,冷蔵庫、冷凍庫,廃棄する家電を「購入した」もしくは「買替え」するお店に引取りを依頼しましょう。お店によって引取り方が異なるので、お店にお問い合わせください。購入したお店が遠方の場合などは、お近くの家電取扱店にご相談ください。,
市で対応不可,『特定家庭用機器再商品化法（家電リサイクル法）』に基づき、家電メーカーが引き取って、資源として再利用することとなっている品目。これらを処分する際には、リサイクル料金が必要となります。,廃棄する家電を「購入した」もしくは「買替え」するお店に引取りを依頼,洗濯機（全自動、２槽式、洗濯乾燥機）、衣類乾燥機,廃棄する家電を「購入した」もしくは「買替え」するお店に引取りを依頼しましょう。お店によって引取り方が異なるので、お店にお問い合わせください。購入したお店が遠方の場合などは、お近くの家電取扱店にご相談ください。,
危険・特殊なごみ、処理困難なもの,危険・特殊なごみ、処理困難なもの,購入店・販売店にご相談ください,農薬,"購入店・販売店にご相談ください。または市から許可をうけた３社で、処理可能なものもあります。ご相談ください。
①トーアクリーン（根崎町 TEL 0566-92-7770）
②アンコム（福釜町 TEL 0566-92-4060）
③キトー（上条町 TEL 0566-77-7373）",
危険・特殊なごみ、処理困難なもの,危険・特殊なごみ、処理困難なもの,購入店・販売店にご相談ください,劇薬,"購入店・販売店にご相談ください。または市から許可をうけた３社で、処理可能なものもあります。ご相談ください。
①トーアクリーン（根崎町 TEL 0566-92-7770）
②アンコム（福釜町 TEL 0566-92-4060）
③キトー（上条町 TEL 0566-77-7374）",
危険・特殊なごみ、処理困難なもの,危険・特殊なごみ、処理困難なもの,購入店・販売店にご相談ください,殺虫剤,"購入店・販売店にご相談ください。または市から許可をうけた３社で、処理可能なものもあります。ご相談ください。
①トーアクリーン（根崎町 TEL 0566-92-7770）
②アンコム（福釜町 TEL 0566-92-4060）
③キトー（上条町 TEL 0566-77-7375）",
危険・特殊なごみ、処理困難なもの,危険・特殊なごみ、処理困難なもの,購入店・販売店にご相談ください,塗料,"購入店・販売店にご相談ください。または市から許可をうけた３社で、処理可能なものもあります。ご相談ください。
①トーアクリーン（根崎町 TEL 0566-92-7770）
②アンコム（福釜町 TEL 0566-92-4060）
③キトー（上条町 TEL 0566-77-7376）",
危険・特殊なごみ、処理困難なもの,危険・特殊なごみ、処理困難なもの,購入店・販売店にご相談ください,廃油,"購入店・販売店にご相談ください。または市から許可をうけた３社で、処理可能なものもあります。ご相談ください。
①トーアクリーン（根崎町 TEL 0566-92-7770）
②アンコム（福釜町 TEL 0566-92-4060）
③キトー（上条町 TEL 0566-77-7377）",
危険・特殊なごみ、処理困難なもの,危険・特殊なごみ、処理困難なもの,購入店・販売店にご相談ください,タイヤ,"購入店・販売店にご相談ください。または市から許可をうけた３社で、処理可能なものもあります。ご相談ください。
①トーアクリーン（根崎町 TEL 0566-92-7770）
②アンコム（福釜町 TEL 0566-92-4060）
③キトー（上条町 TEL 0566-77-7378）",
危険・特殊なごみ、処理困難なもの,危険・特殊なごみ、処理困難なもの,購入店・販売店にご相談ください,ブロック,"購入店・販売店にご相談ください。または市から許可をうけた３社で、処理可能なものもあります。ご相談ください。
①トーアクリーン（根崎町 TEL 0566-92-7770）
②アンコム（福釜町 TEL 0566-92-4060）
③キトー（上条町 TEL 0566-77-7379）",
危険・特殊なごみ、処理困難なもの,危険・特殊なごみ、処理困難なもの,購入店・販売店にご相談ください,タイル,"購入店・販売店にご相談ください。または市から許可をうけた３社で、処理可能なものもあります。ご相談ください。
①トーアクリーン（根崎町 TEL 0566-92-7770）
②アンコム（福釜町 TEL 0566-92-4060）
③キトー（上条町 TEL 0566-77-7380）",
危険・特殊なごみ、処理困難なもの,危険・特殊なごみ、処理困難なもの,購入店・販売店にご相談ください,トタン,"購入店・販売店にご相談ください。または市から許可をうけた３社で、処理可能なものもあります。ご相談ください。
①トーアクリーン（根崎町 TEL 0566-92-7770）
②アンコム（福釜町 TEL 0566-92-4060）
③キトー（上条町 TEL 0566-77-7381）",
危険・特殊なごみ、処理困難なもの,危険・特殊なごみ、処理困難なもの,購入店・販売店にご相談ください,波板,"購入店・販売店にご相談ください。または市から許可をうけた３社で、処理可能なものもあります。ご相談ください。
①トーアクリーン（根崎町 TEL 0566-92-7770）
②アンコム（福釜町 TEL 0566-92-4060）
③キトー（上条町 TEL 0566-77-7382）",
危険・特殊なごみ、処理困難なもの,危険・特殊なごみ、処理困難なもの,購入店・販売店にご相談ください,瓦,"購入店・販売店にご相談ください。または市から許可をうけた３社で、処理可能なものもあります。ご相談ください。
①トーアクリーン（根崎町 TEL 0566-92-7770）
②アンコム（福釜町 TEL 0566-92-4060）
③キトー（上条町 TEL 0566-77-7383）",
危険・特殊なごみ、処理困難なもの,危険・特殊なごみ、処理困難なもの,購入店・販売店にご相談ください,プロパンガスのボンベ,"購入店・販売店にご相談ください。または市から許可をうけた３社で、処理可能なものもあります。ご相談ください。
①トーアクリーン（根崎町 TEL 0566-92-7770）
②アンコム（福釜町 TEL 0566-92-4060）
③キトー（上条町 TEL 0566-77-7384）",
危険・特殊なごみ、処理困難なもの,危険・特殊なごみ、処理困難なもの,購入店・販売店にご相談ください,建築廃材,"購入店・販売店にご相談ください。または市から許可をうけた３社で、処理可能なものもあります。ご相談ください。
①トーアクリーン（根崎町 TEL 0566-92-7770）
②アンコム（福釜町 TEL 0566-92-4060）
③キトー（上条町 TEL 0566-77-7385）",
危険・特殊なごみ、処理困難なもの,危険・特殊なごみ、処理困難なもの,購入店・販売店にご相談ください,金庫,"購入店・販売店にご相談ください。または市から許可をうけた３社で、処理可能なものもあります。ご相談ください。
①トーアクリーン（根崎町 TEL 0566-92-7770）
②アンコム（福釜町 TEL 0566-92-4060）
③キトー（上条町 TEL 0566-77-7386）",
危険・特殊なごみ、処理困難なもの,危険・特殊なごみ、処理困難なもの,購入店・販売店にご相談ください,ピアノ,"購入店・販売店にご相談ください。または市から許可をうけた３社で、処理可能なものもあります。ご相談ください。
①トーアクリーン（根崎町 TEL 0566-92-7770）
②アンコム（福釜町 TEL 0566-92-4060）
③キトー（上条町 TEL 0566-77-7387）",
危険・特殊なごみ、処理困難なもの,危険・特殊なごみ、処理困難なもの,購入店・販売店にご相談ください,浴槽,"購入店・販売店にご相談ください。または市から許可をうけた３社で、処理可能なものもあります。ご相談ください。
①トーアクリーン（根崎町 TEL 0566-92-7770）
②アンコム（福釜町 TEL 0566-92-4060）
③キトー（上条町 TEL 0566-77-7388）",
危険・特殊なごみ、処理困難なもの,危険・特殊なごみ、処理困難なもの,購入店・販売店にご相談ください,自動車やバイクとその部品,"購入店・販売店にご相談ください。または市から許可をうけた３社で、処理可能なものもあります。ご相談ください。
①トーアクリーン（根崎町 TEL 0566-92-7770）
②アンコム（福釜町 TEL 0566-92-4060）
③キトー（上条町 TEL 0566-77-7389）",
危険・特殊なごみ、処理困難なもの,危険・特殊なごみ、処理困難なもの,購入店・販売店にご相談ください,農業用機械とその部品,"購入店・販売店にご相談ください。または市から許可をうけた３社で、処理可能なものもあります。ご相談ください。
①トーアクリーン（根崎町 TEL 0566-92-7770）
②アンコム（福釜町 TEL 0566-92-4060）
③キトー（上条町 TEL 0566-77-7390）",
危険・特殊なごみ、処理困難なもの,危険・特殊なごみ、処理困難なもの,"販売店またはエコサイクルセンター
（TEL 0120-82-2306）へ相談してください",家庭用消火器,"販売店またはエコサイクルセンター
（TEL 0120-82-2306）へ相談してください",
危険・特殊なごみ、処理困難なもの,危険・特殊なごみ、処理困難なもの,廃棄物には該当しません。10Ｌバケツ3杯までならエコらんどに持ち込むことができます。,土砂,廃棄物には該当しません。10Ｌバケツ3杯までならエコらんどに持ち込むことができます。,
粗大ごみ,"・ゴミ袋に入らない燃やせるもの
・家具類
・家電
・パソコン
・その他(自転車、三輪車、一輪車、乳母車、スキー板、ゴルフセット、楽器、遊具、物干し竿、ドラム缶、等)
※1辺が2メートルを超えているものは、2メートル以下にしてください。
",戸別有料収集もしくは環境クリーンセンターへ,畳,"①戸別有料収集（予約制）
　・有　料：1個につき800円
　・収集日：火曜日・金曜日（祝日含む、年末年始を除く）
　１．インターネットまたは電話で申し込む
　　インターネット予約：http://anjosodaigomi.com
　　電話予約：0566-77-4411
　２．予約完了後に粗大ごみ処理券を購入する
　　　※粗大ごみ処理券を市役所市民課、
　　　　アンフォーレ（本館1階証明旅券窓口センター）、公民館、一部町内会、清掃事業所で購入してください（1枚800円）
　　　※取扱い町内会については市公式ウェブサイトにてご確認下さい※処理券の払い戻しはできません
　３．収集日の朝８時までに粗大ごみ処理券をはって出す。
　　　※1辺が2mを超えている物は2m以下にしてください
　　　※処理券を見やすい位置に剥がれないように、はってください
　　　※当日朝８時までに、公道に面した門口へ出してください。立ち会う必要はありません

②環境クリーンセンターに持ち込めるもの
　燃やせるもの（指定袋に入らないもの）。畳、ござ、障子、ふすま、すだれ、カーテン、カーペット（電気なし）、ウレタンマット、マットレス(金属なし)、ふとんなど",
粗大ごみ,"・ゴミ袋に入らない燃やせるもの
・家具類
・家電
・パソコン
・その他(自転車、三輪車、一輪車、乳母車、スキー板、ゴルフセット、楽器、遊具、物干し竿、ドラム缶、等)
※1辺が2メートルを超えているものは、2メートル以下にしてください。
",戸別有料収集もしくは環境クリーンセンターへ,ござ,"①戸別有料収集（予約制）
　・有　料：1個につき800円
　・収集日：火曜日・金曜日（祝日含む、年末年始を除く）
　１．インターネットまたは電話で申し込む
　　インターネット予約：http://anjosodaigomi.com
　　電話予約：0566-77-4411
　２．予約完了後に粗大ごみ処理券を購入する
　　　※粗大ごみ処理券を市役所市民課、
　　　　アンフォーレ（本館1階証明旅券窓口センター）、公民館、一部町内会、清掃事業所で購入してください（1枚800円）
　　　※取扱い町内会については市公式ウェブサイトにてご確認下さい※処理券の払い戻しはできません
　３．収集日の朝８時までに粗大ごみ処理券をはって出す。
　　　※1辺が2mを超えている物は2m以下にしてください
　　　※処理券を見やすい位置に剥がれないように、はってください
　　　※当日朝８時までに、公道に面した門口へ出してください。立ち会う必要はありません

②環境クリーンセンターに持ち込めるもの
　燃やせるもの（指定袋に入らないもの）。畳、ござ、障子、ふすま、すだれ、カーテン、カーペット（電気なし）、ウレタンマット、マットレス(金属なし)、ふとんなど",
粗大ごみ,"・ゴミ袋に入らない燃やせるもの
・家具類
・家電
・パソコン
・その他(自転車、三輪車、一輪車、乳母車、スキー板、ゴルフセット、楽器、遊具、物干し竿、ドラム缶、等)
※1辺が2メートルを超えているものは、2メートル以下にしてください。
",戸別有料収集もしくは環境クリーンセンターへ,障子,"①戸別有料収集（予約制）
　・有　料：1個につき800円
　・収集日：火曜日・金曜日（祝日含む、年末年始を除く）
　１．インターネットまたは電話で申し込む
　　インターネット予約：http://anjosodaigomi.com
　　電話予約：0566-77-4411
　２．予約完了後に粗大ごみ処理券を購入する
　　　※粗大ごみ処理券を市役所市民課、
　　　　アンフォーレ（本館1階証明旅券窓口センター）、公民館、一部町内会、清掃事業所で購入してください（1枚800円）
　　　※取扱い町内会については市公式ウェブサイトにてご確認下さい※処理券の払い戻しはできません
　３．収集日の朝８時までに粗大ごみ処理券をはって出す。
　　　※1辺が2mを超えている物は2m以下にしてください
　　　※処理券を見やすい位置に剥がれないように、はってください
　　　※当日朝８時までに、公道に面した門口へ出してください。立ち会う必要はありません

②環境クリーンセンターに持ち込めるもの
　燃やせるもの（指定袋に入らないもの）。畳、ござ、障子、ふすま、すだれ、カーテン、カーペット（電気なし）、ウレタンマット、マットレス(金属なし)、ふとんなど",
粗大ごみ,"・ゴミ袋に入らない燃やせるもの
・家具類
・家電
・パソコン
・その他(自転車、三輪車、一輪車、乳母車、スキー板、ゴルフセット、楽器、遊具、物干し竿、ドラム缶、等)
※1辺が2メートルを超えているものは、2メートル以下にしてください。
",戸別有料収集もしくは環境クリーンセンターへ,ふすま,"①戸別有料収集（予約制）
　・有　料：1個につき800円
　・収集日：火曜日・金曜日（祝日含む、年末年始を除く）
　１．インターネットまたは電話で申し込む
　　インターネット予約：http://anjosodaigomi.com
　　電話予約：0566-77-4411
　２．予約完了後に粗大ごみ処理券を購入する
　　　※粗大ごみ処理券を市役所市民課、
　　　　アンフォーレ（本館1階証明旅券窓口センター）、公民館、一部町内会、清掃事業所で購入してください（1枚800円）
　　　※取扱い町内会については市公式ウェブサイトにてご確認下さい※処理券の払い戻しはできません
　３．収集日の朝８時までに粗大ごみ処理券をはって出す。
　　　※1辺が2mを超えている物は2m以下にしてください
　　　※処理券を見やすい位置に剥がれないように、はってください
　　　※当日朝８時までに、公道に面した門口へ出してください。立ち会う必要はありません

②環境クリーンセンターに持ち込めるもの
　燃やせるもの（指定袋に入らないもの）。畳、ござ、障子、ふすま、すだれ、カーテン、カーペット（電気なし）、ウレタンマット、マットレス(金属なし)、ふとんなど",
粗大ごみ,"・ゴミ袋に入らない燃やせるもの
・家具類
・家電
・パソコン
・その他(自転車、三輪車、一輪車、乳母車、スキー板、ゴルフセット、楽器、遊具、物干し竿、ドラム缶、等)
※1辺が2メートルを超えているものは、2メートル以下にしてください。
",戸別有料収集もしくは環境クリーンセンターへ,すだれ,"①戸別有料収集（予約制）
　・有　料：1個につき800円
　・収集日：火曜日・金曜日（祝日含む、年末年始を除く）
　１．インターネットまたは電話で申し込む
　　インターネット予約：http://anjosodaigomi.com
　　電話予約：0566-77-4411
　２．予約完了後に粗大ごみ処理券を購入する
　　　※粗大ごみ処理券を市役所市民課、
　　　　アンフォーレ（本館1階証明旅券窓口センター）、公民館、一部町内会、清掃事業所で購入してください（1枚800円）
　　　※取扱い町内会については市公式ウェブサイトにてご確認下さい※処理券の払い戻しはできません
　３．収集日の朝８時までに粗大ごみ処理券をはって出す。
　　　※1辺が2mを超えている物は2m以下にしてください
　　　※処理券を見やすい位置に剥がれないように、はってください
　　　※当日朝８時までに、公道に面した門口へ出してください。立ち会う必要はありません

②環境クリーンセンターに持ち込めるもの
　燃やせるもの（指定袋に入らないもの）。畳、ござ、障子、ふすま、すだれ、カーテン、カーペット（電気なし）、ウレタンマット、マットレス(金属なし)、ふとんなど",
粗大ごみ,"・ゴミ袋に入らない燃やせるもの
・家具類
・家電
・パソコン
・その他(自転車、三輪車、一輪車、乳母車、スキー板、ゴルフセット、楽器、遊具、物干し竿、ドラム缶、等)
※1辺が2メートルを超えているものは、2メートル以下にしてください。
",戸別有料収集もしくは環境クリーンセンターへ,カーテン,"①戸別有料収集（予約制）
　・有　料：1個につき800円
　・収集日：火曜日・金曜日（祝日含む、年末年始を除く）
　１．インターネットまたは電話で申し込む
　　インターネット予約：http://anjosodaigomi.com
　　電話予約：0566-77-4411
　２．予約完了後に粗大ごみ処理券を購入する
　　　※粗大ごみ処理券を市役所市民課、
　　　　アンフォーレ（本館1階証明旅券窓口センター）、公民館、一部町内会、清掃事業所で購入してください（1枚800円）
　　　※取扱い町内会については市公式ウェブサイトにてご確認下さい※処理券の払い戻しはできません
　３．収集日の朝８時までに粗大ごみ処理券をはって出す。
　　　※1辺が2mを超えている物は2m以下にしてください
　　　※処理券を見やすい位置に剥がれないように、はってください
　　　※当日朝８時までに、公道に面した門口へ出してください。立ち会う必要はありません

②環境クリーンセンターに持ち込めるもの
　燃やせるもの（指定袋に入らないもの）。畳、ござ、障子、ふすま、すだれ、カーテン、カーペット（電気なし）、ウレタンマット、マットレス(金属なし)、ふとんなど",
粗大ごみ,"・ゴミ袋に入らない燃やせるもの
・家具類
・家電
・パソコン
・その他(自転車、三輪車、一輪車、乳母車、スキー板、ゴルフセット、楽器、遊具、物干し竿、ドラム缶、等)
※1辺が2メートルを超えているものは、2メートル以下にしてください。
",戸別有料収集もしくは環境クリーンセンターへ,"カーペット（電気なし）
","①戸別有料収集（予約制）
　・有　料：1個につき800円
　・収集日：火曜日・金曜日（祝日含む、年末年始を除く）
　１．インターネットまたは電話で申し込む
　　インターネット予約：http://anjosodaigomi.com
　　電話予約：0566-77-4411
　２．予約完了後に粗大ごみ処理券を購入する
　　　※粗大ごみ処理券を市役所市民課、
　　　　アンフォーレ（本館1階証明旅券窓口センター）、公民館、一部町内会、清掃事業所で購入してください（1枚800円）
　　　※取扱い町内会については市公式ウェブサイトにてご確認下さい※処理券の払い戻しはできません
　３．収集日の朝８時までに粗大ごみ処理券をはって出す。
　　　※1辺が2mを超えている物は2m以下にしてください
　　　※処理券を見やすい位置に剥がれないように、はってください
　　　※当日朝８時までに、公道に面した門口へ出してください。立ち会う必要はありません

②環境クリーンセンターに持ち込めるもの
　燃やせるもの（指定袋に入らないもの）。畳、ござ、障子、ふすま、すだれ、カーテン、カーペット（電気なし）、ウレタンマット、マットレス(金属なし)、ふとんなど",
粗大ごみ,"・ゴミ袋に入らない燃やせるもの
・家具類
・家電
・パソコン
・その他(自転車、三輪車、一輪車、乳母車、スキー板、ゴルフセット、楽器、遊具、物干し竿、ドラム缶、等)
※1辺が2メートルを超えているものは、2メートル以下にしてください。
",戸別有料収集もしくは環境クリーンセンターへ,ウレタンマット,"①戸別有料収集（予約制）
　・有　料：1個につき800円
　・収集日：火曜日・金曜日（祝日含む、年末年始を除く）
　１．インターネットまたは電話で申し込む
　　インターネット予約：http://anjosodaigomi.com
　　電話予約：0566-77-4411
　２．予約完了後に粗大ごみ処理券を購入する
　　　※粗大ごみ処理券を市役所市民課、
　　　　アンフォーレ（本館1階証明旅券窓口センター）、公民館、一部町内会、清掃事業所で購入してください（1枚800円）
　　　※取扱い町内会については市公式ウェブサイトにてご確認下さい※処理券の払い戻しはできません
　３．収集日の朝８時までに粗大ごみ処理券をはって出す。
　　　※1辺が2mを超えている物は2m以下にしてください
　　　※処理券を見やすい位置に剥がれないように、はってください
　　　※当日朝８時までに、公道に面した門口へ出してください。立ち会う必要はありません

②環境クリーンセンターに持ち込めるもの
　燃やせるもの（指定袋に入らないもの）。畳、ござ、障子、ふすま、すだれ、カーテン、カーペット（電気なし）、ウレタンマット、マットレス(金属なし)、ふとんなど",
粗大ごみ,"・ゴミ袋に入らない燃やせるもの
・家具類
・家電
・パソコン
・その他(自転車、三輪車、一輪車、乳母車、スキー板、ゴルフセット、楽器、遊具、物干し竿、ドラム缶、等)
※1辺が2メートルを超えているものは、2メートル以下にしてください。
",戸別有料収集もしくは環境クリーンセンターへ,マットレス(金属なし),"①戸別有料収集（予約制）
　・有　料：1個につき800円
　・収集日：火曜日・金曜日（祝日含む、年末年始を除く）
　１．インターネットまたは電話で申し込む
　　インターネット予約：http://anjosodaigomi.com
　　電話予約：0566-77-4411
　２．予約完了後に粗大ごみ処理券を購入する
　　　※粗大ごみ処理券を市役所市民課、
　　　　アンフォーレ（本館1階証明旅券窓口センター）、公民館、一部町内会、清掃事業所で購入してください（1枚800円）
　　　※取扱い町内会については市公式ウェブサイトにてご確認下さい※処理券の払い戻しはできません
　３．収集日の朝８時までに粗大ごみ処理券をはって出す。
　　　※1辺が2mを超えている物は2m以下にしてください
　　　※処理券を見やすい位置に剥がれないように、はってください
　　　※当日朝８時までに、公道に面した門口へ出してください。立ち会う必要はありません

②環境クリーンセンターに持ち込めるもの
　燃やせるもの（指定袋に入らないもの）。畳、ござ、障子、ふすま、すだれ、カーテン、カーペット（電気なし）、ウレタンマット、マットレス(金属なし)、ふとんなど",
粗大ごみ,"・ゴミ袋に入らない燃やせるもの
・家具類
・家電
・パソコン
・その他(自転車、三輪車、一輪車、乳母車、スキー板、ゴルフセット、楽器、遊具、物干し竿、ドラム缶、等)
※1辺が2メートルを超えているものは、2メートル以下にしてください。
",戸別有料収集もしくは環境クリーンセンターへ,ふとん,"①戸別有料収集（予約制）
　・有　料：1個につき800円
　・収集日：火曜日・金曜日（祝日含む、年末年始を除く）
　１．インターネットまたは電話で申し込む
　　インターネット予約：http://anjosodaigomi.com
　　電話予約：0566-77-4411
　２．予約完了後に粗大ごみ処理券を購入する
　　　※粗大ごみ処理券を市役所市民課、
　　　　アンフォーレ（本館1階証明旅券窓口センター）、公民館、一部町内会、清掃事業所で購入してください（1枚800円）
　　　※取扱い町内会については市公式ウェブサイトにてご確認下さい※処理券の払い戻しはできません
　３．収集日の朝８時までに粗大ごみ処理券をはって出す。
　　　※1辺が2mを超えている物は2m以下にしてください
　　　※処理券を見やすい位置に剥がれないように、はってください
　　　※当日朝８時までに、公道に面した門口へ出してください。立ち会う必要はありません

②環境クリーンセンターに持ち込めるもの
　燃やせるもの（指定袋に入らないもの）。畳、ござ、障子、ふすま、すだれ、カーテン、カーペット（電気なし）、ウレタンマット、マットレス(金属なし)、ふとんなど",
粗大ごみ,"・ゴミ袋に入らない燃やせるもの
・家具類
・家電
・パソコン
・その他(自転車、三輪車、一輪車、乳母車、スキー板、ゴルフセット、楽器、遊具、物干し竿、ドラム缶、等)
※1辺が2メートルを超えているものは、2メートル以下にしてください。
",戸別有料収集もしくは環境クリーンセンターへ,机,"①戸別有料収集（予約制）
　・有　料：1個につき800円
　・収集日：火曜日・金曜日（祝日含む、年末年始を除く）
　１．インターネットまたは電話で申し込む
　　インターネット予約：http://anjosodaigomi.com
　　電話予約：0566-77-4411
　２．予約完了後に粗大ごみ処理券を購入する
　　　※粗大ごみ処理券を市役所市民課、
　　　　アンフォーレ（本館1階証明旅券窓口センター）、公民館、一部町内会、清掃事業所で購入してください（1枚800円）
　　　※取扱い町内会については市公式ウェブサイトにてご確認下さい※処理券の払い戻しはできません
　３．収集日の朝８時までに粗大ごみ処理券をはって出す。
　　　※1辺が2mを超えている物は2m以下にしてください
　　　※処理券を見やすい位置に剥がれないように、はってください
　　　※当日朝８時までに、公道に面した門口へ出してください。立ち会う必要はありません

②リサイクルプラザに持ち込めるもの
　・家具類(机、イス、ベッド、タンス、マットレス(金属あり)、棚、ガステーブル、ミシン、ストーブなど)
　・家電(電子レンジ、扇風機、掃除機、プリンタ、ワープロ専用機など)　※プラグ、コードを切断する必要なし
　・パソコン
　・その他(自転車、三輪車、一輪車、乳母車、スキー板、ゴルフセット、楽器、遊具、物干し竿、ドラム缶など)",
粗大ごみ,"・ゴミ袋に入らない燃やせるもの
・家具類
・家電
・パソコン
・その他(自転車、三輪車、一輪車、乳母車、スキー板、ゴルフセット、楽器、遊具、物干し竿、ドラム缶、等)
※1辺が2メートルを超えているものは、2メートル以下にしてください。
",戸別有料収集もしくは環境クリーンセンターへ,イス,"①戸別有料収集（予約制）
　・有　料：1個につき800円
　・収集日：火曜日・金曜日（祝日含む、年末年始を除く）
　１．インターネットまたは電話で申し込む
　　インターネット予約：http://anjosodaigomi.com
　　電話予約：0566-77-4411
　２．予約完了後に粗大ごみ処理券を購入する
　　　※粗大ごみ処理券を市役所市民課、
　　　　アンフォーレ（本館1階証明旅券窓口センター）、公民館、一部町内会、清掃事業所で購入してください（1枚800円）
　　　※取扱い町内会については市公式ウェブサイトにてご確認下さい※処理券の払い戻しはできません
　３．収集日の朝８時までに粗大ごみ処理券をはって出す。
　　　※1辺が2mを超えている物は2m以下にしてください
　　　※処理券を見やすい位置に剥がれないように、はってください
　　　※当日朝８時までに、公道に面した門口へ出してください。立ち会う必要はありません

②環境クリーンセンターに持ち込めるもの
　燃やせるもの（指定袋に入らないもの）。畳、ござ、障子、ふすま、すだれ、カーテン、カーペット（電気なし）、ウレタンマット、マットレス(金属なし)、ふとんなど",
粗大ごみ,"・ゴミ袋に入らない燃やせるもの
・家具類
・家電
・パソコン
・その他(自転車、三輪車、一輪車、乳母車、スキー板、ゴルフセット、楽器、遊具、物干し竿、ドラム缶、等)
※1辺が2メートルを超えているものは、2メートル以下にしてください。
",戸別有料収集もしくは環境クリーンセンターへ,ベッド,"①戸別有料収集（予約制）
　・有　料：1個につき800円
　・収集日：火曜日・金曜日（祝日含む、年末年始を除く）
　１．インターネットまたは電話で申し込む
　　インターネット予約：http://anjosodaigomi.com
　　電話予約：0566-77-4411
　２．予約完了後に粗大ごみ処理券を購入する
　　　※粗大ごみ処理券を市役所市民課、
　　　　アンフォーレ（本館1階証明旅券窓口センター）、公民館、一部町内会、清掃事業所で購入してください（1枚800円）
　　　※取扱い町内会については市公式ウェブサイトにてご確認下さい※処理券の払い戻しはできません
　３．収集日の朝８時までに粗大ごみ処理券をはって出す。
　　　※1辺が2mを超えている物は2m以下にしてください
　　　※処理券を見やすい位置に剥がれないように、はってください
　　　※当日朝８時までに、公道に面した門口へ出してください。立ち会う必要はありません

②環境クリーンセンターに持ち込めるもの
　燃やせるもの（指定袋に入らないもの）。畳、ござ、障子、ふすま、すだれ、カーテン、カーペット（電気なし）、ウレタンマット、マットレス(金属なし)、ふとんなど",
粗大ごみ,"・ゴミ袋に入らない燃やせるもの
・家具類
・家電
・パソコン
・その他(自転車、三輪車、一輪車、乳母車、スキー板、ゴルフセット、楽器、遊具、物干し竿、ドラム缶、等)
※1辺が2メートルを超えているものは、2メートル以下にしてください。
",戸別有料収集もしくは環境クリーンセンターへ,タンス,"①戸別有料収集（予約制）
　・有　料：1個につき800円
　・収集日：火曜日・金曜日（祝日含む、年末年始を除く）
　１．インターネットまたは電話で申し込む
　　インターネット予約：http://anjosodaigomi.com
　　電話予約：0566-77-4411
　２．予約完了後に粗大ごみ処理券を購入する
　　　※粗大ごみ処理券を市役所市民課、
　　　　アンフォーレ（本館1階証明旅券窓口センター）、公民館、一部町内会、清掃事業所で購入してください（1枚800円）
　　　※取扱い町内会については市公式ウェブサイトにてご確認下さい※処理券の払い戻しはできません
　３．収集日の朝８時までに粗大ごみ処理券をはって出す。
　　　※1辺が2mを超えている物は2m以下にしてください
　　　※処理券を見やすい位置に剥がれないように、はってください
　　　※当日朝８時までに、公道に面した門口へ出してください。立ち会う必要はありません

②環境クリーンセンターに持ち込めるもの
　燃やせるもの（指定袋に入らないもの）。畳、ござ、障子、ふすま、すだれ、カーテン、カーペット（電気なし）、ウレタンマット、マットレス(金属なし)、ふとんなど",
粗大ごみ,"・ゴミ袋に入らない燃やせるもの
・家具類
・家電
・パソコン
・その他(自転車、三輪車、一輪車、乳母車、スキー板、ゴルフセット、楽器、遊具、物干し竿、ドラム缶、等)
※1辺が2メートルを超えているものは、2メートル以下にしてください。
",戸別有料収集もしくは環境クリーンセンターへ,マットレス(金属あり),"①戸別有料収集（予約制）
　・有　料：1個につき800円
　・収集日：火曜日・金曜日（祝日含む、年末年始を除く）
　１．インターネットまたは電話で申し込む
　　インターネット予約：http://anjosodaigomi.com
　　電話予約：0566-77-4411
　２．予約完了後に粗大ごみ処理券を購入する
　　　※粗大ごみ処理券を市役所市民課、
　　　　アンフォーレ（本館1階証明旅券窓口センター）、公民館、一部町内会、清掃事業所で購入してください（1枚800円）
　　　※取扱い町内会については市公式ウェブサイトにてご確認下さい※処理券の払い戻しはできません
　３．収集日の朝８時までに粗大ごみ処理券をはって出す。
　　　※1辺が2mを超えている物は2m以下にしてください
　　　※処理券を見やすい位置に剥がれないように、はってください
　　　※当日朝８時までに、公道に面した門口へ出してください。立ち会う必要はありません

②環境クリーンセンターに持ち込めるもの
　燃やせるもの（指定袋に入らないもの）。畳、ござ、障子、ふすま、すだれ、カーテン、カーペット（電気なし）、ウレタンマット、マットレス(金属なし)、ふとんなど",
粗大ごみ,"・ゴミ袋に入らない燃やせるもの
・家具類
・家電
・パソコン
・その他(自転車、三輪車、一輪車、乳母車、スキー板、ゴルフセット、楽器、遊具、物干し竿、ドラム缶、等)
※1辺が2メートルを超えているものは、2メートル以下にしてください。
",戸別有料収集もしくは環境クリーンセンターへ,棚,"①戸別有料収集（予約制）
　・有　料：1個につき800円
　・収集日：火曜日・金曜日（祝日含む、年末年始を除く）
　１．インターネットまたは電話で申し込む
　　インターネット予約：http://anjosodaigomi.com
　　電話予約：0566-77-4411
　２．予約完了後に粗大ごみ処理券を購入する
　　　※粗大ごみ処理券を市役所市民課、
　　　　アンフォーレ（本館1階証明旅券窓口センター）、公民館、一部町内会、清掃事業所で購入してください（1枚800円）
　　　※取扱い町内会については市公式ウェブサイトにてご確認下さい※処理券の払い戻しはできません
　３．収集日の朝８時までに粗大ごみ処理券をはって出す。
　　　※1辺が2mを超えている物は2m以下にしてください
　　　※処理券を見やすい位置に剥がれないように、はってください
　　　※当日朝８時までに、公道に面した門口へ出してください。立ち会う必要はありません

②環境クリーンセンターに持ち込めるもの
　燃やせるもの（指定袋に入らないもの）。畳、ござ、障子、ふすま、すだれ、カーテン、カーペット（電気なし）、ウレタンマット、マットレス(金属なし)、ふとんなど",
粗大ごみ,"・ゴミ袋に入らない燃やせるもの
・家具類
・家電
・パソコン
・その他(自転車、三輪車、一輪車、乳母車、スキー板、ゴルフセット、楽器、遊具、物干し竿、ドラム缶、等)
※1辺が2メートルを超えているものは、2メートル以下にしてください。
",戸別有料収集もしくは環境クリーンセンターへ,ガステーブル,"①戸別有料収集（予約制）
　・有　料：1個につき800円
　・収集日：火曜日・金曜日（祝日含む、年末年始を除く）
　１．インターネットまたは電話で申し込む
　　インターネット予約：http://anjosodaigomi.com
　　電話予約：0566-77-4411
　２．予約完了後に粗大ごみ処理券を購入する
　　　※粗大ごみ処理券を市役所市民課、
　　　　アンフォーレ（本館1階証明旅券窓口センター）、公民館、一部町内会、清掃事業所で購入してください（1枚800円）
　　　※取扱い町内会については市公式ウェブサイトにてご確認下さい※処理券の払い戻しはできません
　３．収集日の朝８時までに粗大ごみ処理券をはって出す。
　　　※1辺が2mを超えている物は2m以下にしてください
　　　※処理券を見やすい位置に剥がれないように、はってください
　　　※当日朝８時までに、公道に面した門口へ出してください。立ち会う必要はありません

②環境クリーンセンターに持ち込めるもの
　燃やせるもの（指定袋に入らないもの）。畳、ござ、障子、ふすま、すだれ、カーテン、カーペット（電気なし）、ウレタンマット、マットレス(金属なし)、ふとんなど",
粗大ごみ,"・ゴミ袋に入らない燃やせるもの
・家具類
・家電
・パソコン
・その他(自転車、三輪車、一輪車、乳母車、スキー板、ゴルフセット、楽器、遊具、物干し竿、ドラム缶、等)
※1辺が2メートルを超えているものは、2メートル以下にしてください。
",戸別有料収集もしくは環境クリーンセンターへ,ミシン,"①戸別有料収集（予約制）
　・有　料：1個につき800円
　・収集日：火曜日・金曜日（祝日含む、年末年始を除く）
　１．インターネットまたは電話で申し込む
　　インターネット予約：http://anjosodaigomi.com
　　電話予約：0566-77-4411
　２．予約完了後に粗大ごみ処理券を購入する
　　　※粗大ごみ処理券を市役所市民課、
　　　　アンフォーレ（本館1階証明旅券窓口センター）、公民館、一部町内会、清掃事業所で購入してください（1枚800円）
　　　※取扱い町内会については市公式ウェブサイトにてご確認下さい※処理券の払い戻しはできません
　３．収集日の朝８時までに粗大ごみ処理券をはって出す。
　　　※1辺が2mを超えている物は2m以下にしてください
　　　※処理券を見やすい位置に剥がれないように、はってください
　　　※当日朝８時までに、公道に面した門口へ出してください。立ち会う必要はありません

②環境クリーンセンターに持ち込めるもの
　燃やせるもの（指定袋に入らないもの）。畳、ござ、障子、ふすま、すだれ、カーテン、カーペット（電気なし）、ウレタンマット、マットレス(金属なし)、ふとんなど",
粗大ごみ,"・ゴミ袋に入らない燃やせるもの
・家具類
・家電
・パソコン
・その他(自転車、三輪車、一輪車、乳母車、スキー板、ゴルフセット、楽器、遊具、物干し竿、ドラム缶、等)
※1辺が2メートルを超えているものは、2メートル以下にしてください。
",戸別有料収集もしくは環境クリーンセンターへ,ストーブ,"①戸別有料収集（予約制）
　・有　料：1個につき800円
　・収集日：火曜日・金曜日（祝日含む、年末年始を除く）
　１．インターネットまたは電話で申し込む
　　インターネット予約：http://anjosodaigomi.com
　　電話予約：0566-77-4411
　２．予約完了後に粗大ごみ処理券を購入する
　　　※粗大ごみ処理券を市役所市民課、
　　　　アンフォーレ（本館1階証明旅券窓口センター）、公民館、一部町内会、清掃事業所で購入してください（1枚800円）
　　　※取扱い町内会については市公式ウェブサイトにてご確認下さい※処理券の払い戻しはできません
　３．収集日の朝８時までに粗大ごみ処理券をはって出す。
　　　※1辺が2mを超えている物は2m以下にしてください
　　　※処理券を見やすい位置に剥がれないように、はってください
　　　※当日朝８時までに、公道に面した門口へ出してください。立ち会う必要はありません

②環境クリーンセンターに持ち込めるもの
　燃やせるもの（指定袋に入らないもの）。畳、ござ、障子、ふすま、すだれ、カーテン、カーペット（電気なし）、ウレタンマット、マットレス(金属なし)、ふとんなど",
粗大ごみ,"・ゴミ袋に入らない燃やせるもの
・家具類
・家電
・パソコン
・その他(自転車、三輪車、一輪車、乳母車、スキー板、ゴルフセット、楽器、遊具、物干し竿、ドラム缶、等)
※1辺が2メートルを超えているものは、2メートル以下にしてください。
",戸別有料収集もしくは環境クリーンセンターへ,電子レンジ,"①戸別有料収集（予約制）
　・有　料：1個につき800円
　・収集日：火曜日・金曜日（祝日含む、年末年始を除く）
　１．インターネットまたは電話で申し込む
　　インターネット予約：http://anjosodaigomi.com
　　電話予約：0566-77-4411
　２．予約完了後に粗大ごみ処理券を購入する
　　　※粗大ごみ処理券を市役所市民課、
　　　　アンフォーレ（本館1階証明旅券窓口センター）、公民館、一部町内会、清掃事業所で購入してください（1枚800円）
　　　※取扱い町内会については市公式ウェブサイトにてご確認下さい※処理券の払い戻しはできません
　３．収集日の朝８時までに粗大ごみ処理券をはって出す。
　　　※1辺が2mを超えている物は2m以下にしてください
　　　※処理券を見やすい位置に剥がれないように、はってください
　　　※当日朝８時までに、公道に面した門口へ出してください。立ち会う必要はありません

②環境クリーンセンターに持ち込めるもの
　燃やせるもの（指定袋に入らないもの）。畳、ござ、障子、ふすま、すだれ、カーテン、カーペット（電気なし）、ウレタンマット、マットレス(金属なし)、ふとんなど",
粗大ごみ,"・ゴミ袋に入らない燃やせるもの
・家具類
・家電
・パソコン
・その他(自転車、三輪車、一輪車、乳母車、スキー板、ゴルフセット、楽器、遊具、物干し竿、ドラム缶、等)
※1辺が2メートルを超えているものは、2メートル以下にしてください。
",戸別有料収集もしくは環境クリーンセンターへ,扇風機,"①戸別有料収集（予約制）
　・有　料：1個につき800円
　・収集日：火曜日・金曜日（祝日含む、年末年始を除く）
　１．インターネットまたは電話で申し込む
　　インターネット予約：http://anjosodaigomi.com
　　電話予約：0566-77-4411
　２．予約完了後に粗大ごみ処理券を購入する
　　　※粗大ごみ処理券を市役所市民課、
　　　　アンフォーレ（本館1階証明旅券窓口センター）、公民館、一部町内会、清掃事業所で購入してください（1枚800円）
　　　※取扱い町内会については市公式ウェブサイトにてご確認下さい※処理券の払い戻しはできません
　３．収集日の朝８時までに粗大ごみ処理券をはって出す。
　　　※1辺が2mを超えている物は2m以下にしてください
　　　※処理券を見やすい位置に剥がれないように、はってください
　　　※当日朝８時までに、公道に面した門口へ出してください。立ち会う必要はありません

②環境クリーンセンターに持ち込めるもの
　燃やせるもの（指定袋に入らないもの）。畳、ござ、障子、ふすま、すだれ、カーテン、カーペット（電気なし）、ウレタンマット、マットレス(金属なし)、ふとんなど",
粗大ごみ,"・ゴミ袋に入らない燃やせるもの
・家具類
・家電
・パソコン
・その他(自転車、三輪車、一輪車、乳母車、スキー板、ゴルフセット、楽器、遊具、物干し竿、ドラム缶、等)
※1辺が2メートルを超えているものは、2メートル以下にしてください。
",戸別有料収集もしくは環境クリーンセンターへ,掃除機,"①戸別有料収集（予約制）
　・有　料：1個につき800円
　・収集日：火曜日・金曜日（祝日含む、年末年始を除く）
　１．インターネットまたは電話で申し込む
　　インターネット予約：http://anjosodaigomi.com
　　電話予約：0566-77-4411
　２．予約完了後に粗大ごみ処理券を購入する
　　　※粗大ごみ処理券を市役所市民課、
　　　　アンフォーレ（本館1階証明旅券窓口センター）、公民館、一部町内会、清掃事業所で購入してください（1枚800円）
　　　※取扱い町内会については市公式ウェブサイトにてご確認下さい※処理券の払い戻しはできません
　３．収集日の朝８時までに粗大ごみ処理券をはって出す。
　　　※1辺が2mを超えている物は2m以下にしてください
　　　※処理券を見やすい位置に剥がれないように、はってください
　　　※当日朝８時までに、公道に面した門口へ出してください。立ち会う必要はありません

②環境クリーンセンターに持ち込めるもの
　燃やせるもの（指定袋に入らないもの）。畳、ござ、障子、ふすま、すだれ、カーテン、カーペット（電気なし）、ウレタンマット、マットレス(金属なし)、ふとんなど",
粗大ごみ,"・ゴミ袋に入らない燃やせるもの
・家具類
・家電
・パソコン
・その他(自転車、三輪車、一輪車、乳母車、スキー板、ゴルフセット、楽器、遊具、物干し竿、ドラム缶、等)
※1辺が2メートルを超えているものは、2メートル以下にしてください。
",戸別有料収集もしくは環境クリーンセンターへ,プリンタ,"①戸別有料収集（予約制）
　・有　料：1個につき800円
　・収集日：火曜日・金曜日（祝日含む、年末年始を除く）
　１．インターネットまたは電話で申し込む
　　インターネット予約：http://anjosodaigomi.com
　　電話予約：0566-77-4411
　２．予約完了後に粗大ごみ処理券を購入する
　　　※粗大ごみ処理券を市役所市民課、
　　　　アンフォーレ（本館1階証明旅券窓口センター）、公民館、一部町内会、清掃事業所で購入してください（1枚800円）
　　　※取扱い町内会については市公式ウェブサイトにてご確認下さい※処理券の払い戻しはできません
　３．収集日の朝８時までに粗大ごみ処理券をはって出す。
　　　※1辺が2mを超えている物は2m以下にしてください
　　　※処理券を見やすい位置に剥がれないように、はってください
　　　※当日朝８時までに、公道に面した門口へ出してください。立ち会う必要はありません

②環境クリーンセンターに持ち込めるもの
　燃やせるもの（指定袋に入らないもの）。畳、ござ、障子、ふすま、すだれ、カーテン、カーペット（電気なし）、ウレタンマット、マットレス(金属なし)、ふとんなど",
粗大ごみ,"・ゴミ袋に入らない燃やせるもの
・家具類
・家電
・パソコン
・その他(自転車、三輪車、一輪車、乳母車、スキー板、ゴルフセット、楽器、遊具、物干し竿、ドラム缶、等)
※1辺が2メートルを超えているものは、2メートル以下にしてください。
",戸別有料収集もしくは環境クリーンセンターへ,ワープロ専用機,"①戸別有料収集（予約制）
　・有　料：1個につき800円
　・収集日：火曜日・金曜日（祝日含む、年末年始を除く）
　１．インターネットまたは電話で申し込む
　　インターネット予約：http://anjosodaigomi.com
　　電話予約：0566-77-4411
　２．予約完了後に粗大ごみ処理券を購入する
　　　※粗大ごみ処理券を市役所市民課、
　　　　アンフォーレ（本館1階証明旅券窓口センター）、公民館、一部町内会、清掃事業所で購入してください（1枚800円）
　　　※取扱い町内会については市公式ウェブサイトにてご確認下さい※処理券の払い戻しはできません
　３．収集日の朝８時までに粗大ごみ処理券をはって出す。
　　　※1辺が2mを超えている物は2m以下にしてください
　　　※処理券を見やすい位置に剥がれないように、はってください
　　　※当日朝８時までに、公道に面した門口へ出してください。立ち会う必要はありません

②環境クリーンセンターに持ち込めるもの
　燃やせるもの（指定袋に入らないもの）。畳、ござ、障子、ふすま、すだれ、カーテン、カーペット（電気なし）、ウレタンマット、マットレス(金属なし)、ふとんなど",
粗大ごみ,"・ゴミ袋に入らない燃やせるもの
・家具類
・家電
・パソコン
・その他(自転車、三輪車、一輪車、乳母車、スキー板、ゴルフセット、楽器、遊具、物干し竿、ドラム缶、等)
※1辺が2メートルを超えているものは、2メートル以下にしてください。
",戸別有料収集もしくは環境クリーンセンターへ,パソコン,"①戸別有料収集（予約制）
　・有　料：1個につき800円
　・収集日：火曜日・金曜日（祝日含む、年末年始を除く）
　１．インターネットまたは電話で申し込む
　　インターネット予約：http://anjosodaigomi.com
　　電話予約：0566-77-4411
　２．予約完了後に粗大ごみ処理券を購入する
　　　※粗大ごみ処理券を市役所市民課、
　　　　アンフォーレ（本館1階証明旅券窓口センター）、公民館、一部町内会、清掃事業所で購入してください（1枚800円）
　　　※取扱い町内会については市公式ウェブサイトにてご確認下さい※処理券の払い戻しはできません
　３．収集日の朝８時までに粗大ごみ処理券をはって出す。
　　　※1辺が2mを超えている物は2m以下にしてください
　　　※処理券を見やすい位置に剥がれないように、はってください
　　　※当日朝８時までに、公道に面した門口へ出してください。立ち会う必要はありません

②環境クリーンセンターに持ち込めるもの
　燃やせるもの（指定袋に入らないもの）。畳、ござ、障子、ふすま、すだれ、カーテン、カーペット（電気なし）、ウレタンマット、マットレス(金属なし)、ふとんなど",
拠点回収品目,"・ペットボトル(PETマークがあるもの)
・蛍光管
・携帯電話などの小型電子機器
・衣装ケース・羽毛布団",,飲料用のペットボトル,"①キャップとラベルをはずす
②中を軽く水洗いしてつぶす（つぶさなくても可）
③スーパーなどの店頭やリサイクルステーションの回収ネットへはずしたキャップとラベルは『プラスチック資源』","※焼き肉のたれなど食用油脂を使用したものは『燃やせるごみ』
※ペットボトルのようなものでもPETマークがついていないものは出せません"
拠点回収品目,"・ペットボトル(PETマークがあるもの)
・蛍光管
・携帯電話などの小型電子機器
・衣装ケース・羽毛布団",,食品用のペットボトル,"①キャップとラベルをはずす
②中を軽く水洗いしてつぶす（つぶさなくても可）
③スーパーなどの店頭やリサイクルステーションの回収ネットへはずしたキャップとラベルは『プラスチック資源』","※焼き肉のたれなど食用油脂を使用したものは『燃やせるごみ』
※ペットボトルのようなものでもPETマークがついていないものは出せません"
拠点回収品目,"・ペットボトル(PETマークがあるもの)
・蛍光管
・携帯電話などの小型電子機器
・衣装ケース・羽毛布団",,丸形(サークル形)蛍光管,買い替えの際に販売店などへ持ち込むか、リサイクルステーションの回収ボックスへ,"下記は『燃やせないごみ』
①LED・白熱球・グロー球
②割れた蛍光管は新聞紙などにくるむ"
拠点回収品目,"・ペットボトル(PETマークがあるもの)
・蛍光管
・携帯電話などの小型電子機器
・衣装ケース・羽毛布団",,直管形蛍光管,買い替えの際に販売店などへ持ち込むか、リサイクルステーションの回収ボックスへ,"下記は『燃やせないごみ』
①LED・白熱球・グロー球
②割れた蛍光管は新聞紙などにくるむ"
拠点回収品目,"・ペットボトル(PETマークがあるもの)
・蛍光管
・携帯電話などの小型電子機器
・衣装ケース・羽毛布団",,電球形蛍光灯,買い替えの際に販売店などへ持ち込むか、リサイクルステーションの回収ボックスへ,"下記は『燃やせないごみ』
①LED・白熱球・グロー球
②割れた蛍光管は新聞紙などにくるむ"
拠点回収品目,"・ペットボトル(PETマークがあるもの)
・蛍光管
・携帯電話などの小型電子機器
・衣装ケース・羽毛布団",,携帯音楽プレーヤー,"回収場所
・リサイクルステーション
・リサイクルプラザ","・個人情報は消去してから出してください
・電池は必ず抜いてください
・コード類は破砕困難ごみとして出してください
・不燃ごみには絶対に入れないでください"
拠点回収品目,"・ペットボトル(PETマークがあるもの)
・蛍光管
・携帯電話などの小型電子機器
・衣装ケース・羽毛布団",,ICレコーダー,"回収場所
・リサイクルステーション
・リサイクルプラザ","・個人情報は消去してから出してください
・電池は必ず抜いてください
・コード類は破砕困難ごみとして出してください
・不燃ごみには絶対に入れないでください"
拠点回収品目,"・ペットボトル(PETマークがあるもの)
・蛍光管
・携帯電話などの小型電子機器
・衣装ケース・羽毛布団",,デジタルカメラ,"回収場所
・リサイクルステーション
・リサイクルプラザ","・個人情報は消去してから出してください
・電池は必ず抜いてください
・コード類は破砕困難ごみとして出してください
・不燃ごみには絶対に入れないでください"
拠点回収品目,"・ペットボトル(PETマークがあるもの)
・蛍光管
・携帯電話などの小型電子機器
・衣装ケース・羽毛布団",,デジタルビデオカメラ,"回収場所
・リサイクルステーション
・リサイクルプラザ","・個人情報は消去してから出してください
・電池は必ず抜いてください
・コード類は破砕困難ごみとして出してください
・不燃ごみには絶対に入れないでください"
拠点回収品目,"・ペットボトル(PETマークがあるもの)
・蛍光管
・携帯電話などの小型電子機器
・衣装ケース・羽毛布団",,電卓,"回収場所
・リサイクルステーション
・リサイクルプラザ","・個人情報は消去してから出してください
・電池は必ず抜いてください
・コード類は破砕困難ごみとして出してください
・不燃ごみには絶対に入れないでください"
拠点回収品目,"・ペットボトル(PETマークがあるもの)
・蛍光管
・携帯電話などの小型電子機器
・衣装ケース・羽毛布団",,携帯ゲーム機,"回収場所
・リサイクルステーション
・リサイクルプラザ","・個人情報は消去してから出してください
・電池は必ず抜いてください
・コード類は破砕困難ごみとして出してください
・不燃ごみには絶対に入れないでください"
拠点回収品目,"・ペットボトル(PETマークがあるもの)
・蛍光管
・携帯電話などの小型電子機器
・衣装ケース・羽毛布団",,携帯映像プレーヤー,"回収場所
・リサイクルステーション
・リサイクルプラザ","・個人情報は消去してから出してください
・電池は必ず抜いてください
・コード類は破砕困難ごみとして出してください
・不燃ごみには絶対に入れないでください"
拠点回収品目,"・ペットボトル(PETマークがあるもの)
・蛍光管
・携帯電話などの小型電子機器
・衣装ケース・羽毛布団",,携帯電話,"回収場所
・リサイクルステーション
・リサイクルプラザ","・個人情報は消去してから出してください
・電池は必ず抜いてください
・コード類は破砕困難ごみとして出してください
・不燃ごみには絶対に入れないでください"
拠点回収品目,"・ペットボトル(PETマークがあるもの)
・蛍光管
・携帯電話などの小型電子機器
・衣装ケース・羽毛布団",,スマートフォン,"回収場所
・リサイクルステーション
・リサイクルプラザ","・個人情報は消去してから出してください
・電池は必ず抜いてください
・コード類は破砕困難ごみとして出してください
・不燃ごみには絶対に入れないでください"
拠点回収品目,"・ペットボトル(PETマークがあるもの)
・蛍光管
・携帯電話などの小型電子機器
・衣装ケース・羽毛布団",,タブレット端末（ただし短辺が15cm以下のもの）,"回収場所
・リサイクルステーション
・リサイクルプラザ","・個人情報は消去してから出してください
・電池は必ず抜いてください
・コード類は破砕困難ごみとして出してください
・不燃ごみには絶対に入れないでください"
拠点回収品目,"・ペットボトル(PETマークがあるもの)
・蛍光管
・携帯電話などの小型電子機器
・衣装ケース・羽毛布団",,電子辞書,"回収場所
・リサイクルステーション
・リサイクルプラザ","・個人情報は消去してから出してください
・電池は必ず抜いてください
・コード類は破砕困難ごみとして出してください
・不燃ごみには絶対に入れないでください"
拠点回収品目,"・ペットボトル(PETマークがあるもの)
・蛍光管
・携帯電話などの小型電子機器
・衣装ケース・羽毛布団",,電子手帳,"回収場所
・リサイクルステーション
・リサイクルプラザ","・個人情報は消去してから出してください
・電池は必ず抜いてください
・コード類は破砕困難ごみとして出してください
・不燃ごみには絶対に入れないでください"
拠点回収品目,"・ペットボトル(PETマークがあるもの)
・蛍光管
・携帯電話などの小型電子機器
・衣装ケース・羽毛布団",,衣装ケース(プラスチック製のもの),"回収場所
・エコらんど",
拠点回収品目,"・ペットボトル(PETマークがあるもの)
・蛍光管
・携帯電話などの小型電子機器
・衣装ケース・羽毛布団",,"羽毛布団(ダウンの割合が50%以上で
著しい汚れのないもの)","回収場所
・エコらんど",
,,,,,
,,,,,
,,,,,
,,,,,
,,,,,
,,,,,
,,,,,
,,,,,
,,,,,
,,,,,
,,,,,
,,,,,
リサイクルステーション行,,,,,
危険ゴミ,,,,,
,,,,,
危険ゴミ,,,"電池：乾電池（マンガン電池、アルカリ電池､オキシライド電池）・ボタン電池・コイン型電池・小型充電式電池（リチウム、イオン電池、ニカド電池、ニッケル水素電池）

充電式小型家電(1辺が20cm以下の大きさで、充電式で簡単に電池が取り出せないものに限ります)：スマートフォン・モバイルバッテリー・電子タバコ・電動歯ブラシ・
電動シェーバー・ワイヤレスコントローラー・ワイヤレスイヤホン・携帯ゲーム機・ハンディ扇風機","①絶縁が必要な電池を絶縁する
(ボタン電池・コイン型電池のみ)
必ずプラス(＋)極とマイナス(ー)極にセロハンテープ等を貼って電気が流れないようにしてください。
②ボタン電池・コイン型電池以外は透明・半透明のビニール袋に入れる
③びん・缶類、破砕困難ごみ・
危険ごみの収集日に黄色コンテナに入れて出す

自動車のバッテリーやコンセントで動く家電は対象外です",
,,,,,
家電リサイクル法対象品目,,,テレビ（ブラウン管テレビ、液晶テレビ・プラズマテレビ）,,
,,,エアコン（室外機を含む）,,
,,,冷蔵庫、冷凍庫,,
,,,洗濯機（全自動、2槽式、洗濯乾燥機）、衣類乾燥機,,
粗大ごみorエコらんど,,,市の推奨袋に入らない家電,,家電は分解しても収集しません
,,,パソコン,,
購入店・販売店へ,,,車のバッテリー、タイヤ、ホイール・ホイールキャップなど,,
